text,condition,record_type,Care_Profile
Barium study performed to evaluate motility and rule out partial obstruction.,Digestive Issues,Clinical Notes,barium study performed to evaluate motility and rule out partial obstruction digestive issues clinical notes
Assess deep pain sensation in paralyzed limbs.,Mobility Problems,Clinical Notes,assess deep pain sensation in paralyzed limbs mobility problems clinical notes
Implement regular turning schedule and padded bedding to prevent pressure sores in recumbent animals.,Mobility Problems,Clinical Notes,implement regular turning schedule and padded bedding to prevent pressure sores in recumbent animals mobility problems clinical notes
"Rule out extra-GI causes of vomiting (renal condition, pancreatitis, DKA).",Digestive Issues,Clinical Notes,rule out extragi causes of vomiting renal condition pancreatitis dka digestive issues clinical notes
Baermann technique used to recover lungworm larvae from feces.,Parasites,Clinical Notes,baermann technique used to recover lungworm larvae from feces parasites clinical notes
"Emphasize need to treat all dogs, cats, and ferrets in the household concurrently for ectoparasites.",Parasites,Clinical Notes,emphasize need to treat all dogs cats and ferrets in the household concurrently for ectoparasites parasites clinical notes
My ferret scratches at his ears until they bleed.,Ear Infections,Owner Observation,my ferret scratches at his ears until they bleed ear infections owner observation
Fine needle aspirate (FNA) performed on skin nodule; cytology pending.,Skin Irritations,Clinical Notes,fine needle aspirate fna performed on skin nodule cytology pending skin irritations clinical notes
Cat seems painful when she opens her mouth wide to yawn.,Ear Infections,Owner Observation,cat seems painful when she opens her mouth wide to yawn ear infections owner observation
"Rule out endocrinopathy (hypothyroidism, Cushing's) contributing to chronic skin/ear issues.",Ear Infections,Clinical Notes,rule out endocrinopathy hypothyroidism cushings contributing to chronic skinear issues ear infections clinical notes
Use imidacloprid/moxidectin (Advantage Multi) for heartworm/flea/mite/intestinal parasite control.,Parasites,Clinical Notes,use imidaclopridmoxidectin advantage multi for heartwormfleamiteintestinal parasite control parasites clinical notes
"Advise owner to monitor for worsening signs (increased pain, neurological deficits).",Ear Infections,Clinical Notes,advise owner to monitor for worsening signs increased pain neurological deficits ear infections clinical notes
Consider referral to veterinary dermatologist if no improvement.,Skin Irritations,Clinical Notes,consider referral to veterinary dermatologist if no improvement skin irritations clinical notes
"My dog has developed sudden, severe abdominal distension.",Digestive Issues,Owner Observation,my dog has developed sudden severe abdominal distension digestive issues owner observation
Measure thigh circumference bilaterally to quantify muscle atrophy.,Mobility Problems,Clinical Notes,measure thigh circumference bilaterally to quantify muscle atrophy mobility problems clinical notes
Hyperthyroidism diagnosed in older cat with weight loss and vomiting.,Digestive Issues,Clinical Notes,hyperthyroidism diagnosed in older cat with weight loss and vomiting digestive issues clinical notes
Guinea pig is scratching itself raw.,Parasites,Owner Observation,guinea pig is scratching itself raw parasites owner observation
Rabbit has a broken leg after an accident.,Mobility Problems,Owner Observation,rabbit has a broken leg after an accident mobility problems owner observation
Cat has scaly patches on her ear tips.,Skin Irritations,Owner Observation,cat has scaly patches on her ear tips skin irritations owner observation
My dog has hip dysplasia.,Mobility Problems,Owner Observation,my dog has hip dysplasia mobility problems owner observation
"Myiasis present; clip, clean wound, manually remove all visible larvae.",Parasites,Clinical Notes,myiasis present clip clean wound manually remove all visible larvae parasites clinical notes
"Rabbit presents with head tilt, nystagmus, hind limb paresis. Serology for E. cuniculi recommended. Start fenbendazole empirically.",Mobility Problems,Clinical Notes,rabbit presents with head tilt nystagmus hind limb paresis serology for e cuniculi recommended start fenbendazole empirically mobility problems clinical notes
Puppy has redness and irritation in his skin folds.,Skin Irritations,Owner Observation,puppy has redness and irritation in his skin folds skin irritations owner observation
Dog's ear hematoma was drained but filled right back up.,Ear Infections,Owner Observation,dogs ear hematoma was drained but filled right back up ear infections owner observation
"My cat vomited, then had diarrhea, now just hiding.",Digestive Issues,Owner Observation,my cat vomited then had diarrhea now just hiding digestive issues owner observation
Cat vomits immediately after drinking water.,Digestive Issues,Owner Observation,cat vomits immediately after drinking water digestive issues owner observation
Dog has developed bald patches on his face and legs.,Parasites,Owner Observation,dog has developed bald patches on his face and legs parasites owner observation
"Poor coat quality, excessive scaling (seborrhea sicca); evaluate diet, check thyroid.",Skin Irritations,Clinical Notes,poor coat quality excessive scaling seborrhea sicca evaluate diet check thyroid skin irritations clinical notes
"My dog has crusty ear edges and is losing hair there, very itchy.",Parasites,Owner Observation,my dog has crusty ear edges and is losing hair there very itchy parasites owner observation
"The dog's armpits are dark, thickened, and itchy.",Skin Irritations,Owner Observation,the dogs armpits are dark thickened and itchy skin irritations owner observation
"Bacterial culture grew Staphylococcus pseudintermedius, sensitive to clindamycin.",Skin Irritations,Clinical Notes,bacterial culture grew staphylococcus pseudintermedius sensitive to clindamycin skin irritations clinical notes
"Rule out toxin ingestion (plants, chemicals, medications).",Digestive Issues,Clinical Notes,rule out toxin ingestion plants chemicals medications digestive issues clinical notes
"Found a long, flat, white worm in my dog's fresh stool.",Parasites,Owner Observation,found a long flat white worm in my dogs fresh stool parasites owner observation
"Provide critical care feeding (Oxbow Critical Care), SQ fluids, analgesia (meloxicam), pro-motility agent (cisapride) for rabbit GI stasis.",Digestive Issues,Clinical Notes,provide critical care feeding oxbow critical care sq fluids analgesia meloxicam promotility agent cisapride for rabbit gi stasis digestive issues clinical notes
My cat has inflamed nail beds.,Skin Irritations,Owner Observation,my cat has inflamed nail beds skin irritations owner observation
My puppy seems to get an upset stomach from car rides.,Digestive Issues,Owner Observation,my puppy seems to get an upset stomach from car rides digestive issues owner observation
My dog has thickened skin folds around his muzzle that smell bad.,Skin Irritations,Owner Observation,my dog has thickened skin folds around his muzzle that smell bad skin irritations owner observation
Advise monthly heartworm prevention year-round.,Parasites,Clinical Notes,advise monthly heartworm prevention yearround parasites clinical notes
My rabbit's dewlap is constantly wet and the skin underneath is red.,Skin Irritations,Owner Observation,my rabbits dewlap is constantly wet and the skin underneath is red skin irritations owner observation
Puppy has diarrhea after switching foods too quickly.,Digestive Issues,Owner Observation,puppy has diarrhea after switching foods too quickly digestive issues owner observation
My dog has a skin infection secondary to flea bites.,Parasites,Owner Observation,my dog has a skin infection secondary to flea bites parasites owner observation
Color dilution alopecia present in blue Doberman; manage secondary pyoderma.,Skin Irritations,Clinical Notes,color dilution alopecia present in blue doberman manage secondary pyoderma skin irritations clinical notes
My cockatiel is listless and has abnormal droppings.,Parasites,Owner Observation,my cockatiel is listless and has abnormal droppings parasites owner observation
Re-evaluate efficacy and adjust dosage of pain medications at each follow-up.,Mobility Problems,Clinical Notes,reevaluate efficacy and adjust dosage of pain medications at each followup mobility problems clinical notes
Prescribe ronidazole for suspected Tritrichomonas foetus infection in feline.,Parasites,Clinical Notes,prescribe ronidazole for suspected tritrichomonas foetus infection in feline parasites clinical notes
My cat's hearing seems diminished.,Ear Infections,Owner Observation,my cats hearing seems diminished ear infections owner observation
"Ferret has pale gums, possibly flea-induced anemia.",Parasites,Owner Observation,ferret has pale gums possibly fleainduced anemia parasites owner observation
Cat vomited 5 times in the past few hours.,Digestive Issues,Owner Observation,cat vomited times in the past few hours digestive issues owner observation
Treat generalized demodicosis with isoxazoline or high-dose ivermectin/moxidectin protocols.,Parasites,Clinical Notes,treat generalized demodicosis with isoxazoline or highdose ivermectinmoxidectin protocols parasites clinical notes
The ear canal seems narrowed and swollen shut.,Ear Infections,Owner Observation,the ear canal seems narrowed and swollen shut ear infections owner observation
My cat vomited what looked like a roundworm.,Digestive Issues,Owner Observation,my cat vomited what looked like a roundworm digestive issues owner observation
Cat has nerve damage affecting her leg.,Mobility Problems,Owner Observation,cat has nerve damage affecting her leg mobility problems owner observation
Long-term maintenance therapy with weekly ear cleaner/medication may be required.,Ear Infections,Clinical Notes,longterm maintenance therapy with weekly ear cleanermedication may be required ear infections clinical notes
"Fecal score: 6/7 (soft, unformed).",Digestive Issues,Clinical Notes,fecal score soft unformed digestive issues clinical notes
Recommend probiotics (FortiFlora) to support gut health.,Digestive Issues,Clinical Notes,recommend probiotics fortiflora to support gut health digestive issues clinical notes
Skin scrape positive for Sarcoptes scabiei mites; zoonotic potential discussed.,Parasites,Clinical Notes,skin scrape positive for sarcoptes scabiei mites zoonotic potential discussed parasites clinical notes
"Ferret has dark, waxy debris in ears.",Ear Infections,Owner Observation,ferret has dark waxy debris in ears ear infections owner observation
"Rule out parasitic causes (Demodex, Sarcoptes, Cheyletiella) with appropriate diagnostics.",Skin Irritations,Clinical Notes,rule out parasitic causes demodex sarcoptes cheyletiella with appropriate diagnostics skin irritations clinical notes
Motility disorder suspected; consider trial with cisapride.,Digestive Issues,Clinical Notes,motility disorder suspected consider trial with cisapride digestive issues clinical notes
Ferret is tilting its head.,Ear Infections,Owner Observation,ferret is tilting its head ear infections owner observation
CSF tap performed; analysis pending.,Mobility Problems,Clinical Notes,csf tap performed analysis pending mobility problems clinical notes
"My dog's skin has a generally unpleasant, strong odor.",Skin Irritations,Owner Observation,my dogs skin has a generally unpleasant strong odor skin irritations owner observation
My dog has water trapped in his ear after a bath.,Ear Infections,Owner Observation,my dog has water trapped in his ear after a bath ear infections owner observation
Knemidokoptes pilae (scaly face/leg mite) diagnosed in budgerigar. Treat with topical or injectable ivermectin.,Parasites,Clinical Notes,knemidokoptes pilae scaly faceleg mite diagnosed in budgerigar treat with topical or injectable ivermectin parasites clinical notes
Administer opioid analgesic (methadone) for severe abdominal pain.,Digestive Issues,Clinical Notes,administer opioid analgesic methadone for severe abdominal pain digestive issues clinical notes
"Seborrhea sicca (dry scaling) generalized over trunk; evaluate diet, thyroid function, potential allergies.",Skin Irritations,Clinical Notes,seborrhea sicca dry scaling generalized over trunk evaluate diet thyroid function potential allergies skin irritations clinical notes
Auscultation reveals decreased borborygmi; suggestive of ileus.,Digestive Issues,Clinical Notes,auscultation reveals decreased borborygmi suggestive of ileus digestive issues clinical notes
Radiographs show mixed lytic/proliferative lesion in proximal humerus. Differentials include primary bone tumor (OSA) vs. metastatic condition vs. fungal osteomyelitis.,Mobility Problems,Clinical Notes,radiographs show mixed lyticproliferative lesion in proximal humerus differentials include primary bone tumor osa vs metastatic condition vs fungal osteomyelitis mobility problems clinical notes
Excoriations on tail; rule out flea hypersensitivity.,Skin Irritations,Clinical Notes,excoriations on tail rule out flea hypersensitivity skin irritations clinical notes
"Kitten failed to respond to initial dewormer, suspecting resistant strain or different parasite.",Parasites,Owner Observation,kitten failed to respond to initial dewormer suspecting resistant strain or different parasite parasites owner observation
Cytauxzoon felis identified on blood smear; grave prognosis.,Parasites,Clinical Notes,cytauxzoon felis identified on blood smear grave prognosis parasites clinical notes
"Tick-borne condition panel (e.g., 4Dx Snap test) positive for Ehrlichia/Anaplasma/Lyme.",Parasites,Clinical Notes,tickborne condition panel eg dx snap test positive for ehrlichiaanaplasmalyme parasites clinical notes
Plasma cell pododermatitis ('pillow foot') in feline patient; consider doxycycline trial.,Skin Irritations,Clinical Notes,plasma cell pododermatitis pillow foot in feline patient consider doxycycline trial skin irritations clinical notes
Ixodes scapularis tick removed; advise monitoring for signs of Lyme condition.,Parasites,Clinical Notes,ixodes scapularis tick removed advise monitoring for signs of lyme condition parasites clinical notes
My dog has persistent itching despite flea treatment.,Skin Irritations,Owner Observation,my dog has persistent itching despite flea treatment skin irritations owner observation
Rabbit is scratching vigorously at the base of its ears.,Ear Infections,Owner Observation,rabbit is scratching vigorously at the base of its ears ear infections owner observation
Cat has lost hair around the outside of her ears from scratching.,Ear Infections,Owner Observation,cat has lost hair around the outside of her ears from scratching ear infections owner observation
Monitor body weight and body condition score.,Digestive Issues,Clinical Notes,monitor body weight and body condition score digestive issues clinical notes
Guinea pig has sores on the bottom of its feet (bumblefoot).,Skin Irritations,Owner Observation,guinea pig has sores on the bottom of its feet bumblefoot skin irritations owner observation
Treat secondary pyoderma before pursuing allergy diagnostics.,Skin Irritations,Clinical Notes,treat secondary pyoderma before pursuing allergy diagnostics skin irritations clinical notes
My guinea pig has developed scaly patches around its eyes.,Skin Irritations,Owner Observation,my guinea pig has developed scaly patches around its eyes skin irritations owner observation
"My dog ate greasy leftovers, now has painful belly and vomiting.",Digestive Issues,Owner Observation,my dog ate greasy leftovers now has painful belly and vomiting digestive issues owner observation
"Dog's ears look greasy, and the fur below them is stained and sticky.",Ear Infections,Owner Observation,dogs ears look greasy and the fur below them is stained and sticky ear infections owner observation
Hypertrophic osteodystrophy (HOD) suspected; radiographs show characteristic 'double physeal line'. Supportive care/pain management.,Mobility Problems,Clinical Notes,hypertrophic osteodystrophy hod suspected radiographs show characteristic double physeal line supportive carepain management mobility problems clinical notes
Hamster has hair loss and redness on its underside.,Skin Irritations,Owner Observation,hamster has hair loss and redness on its underside skin irritations owner observation
Ferret's ears seem painful to touch.,Ear Infections,Owner Observation,ferrets ears seem painful to touch ear infections owner observation
Heartworm antigen test positive; stage condition and plan treatment.,Parasites,Clinical Notes,heartworm antigen test positive stage condition and plan treatment parasites clinical notes
Heartworm antigen test negative. Microfilaria test negative.,Parasites,Clinical Notes,heartworm antigen test negative microfilaria test negative parasites clinical notes
My dog's ear infection requires long-term management.,Ear Infections,Owner Observation,my dogs ear infection requires longterm management ear infections owner observation
Addison's condition (hypoadrenocorticism) can present with waxing/waning GI signs.,Digestive Issues,Clinical Notes,addisons condition hypoadrenocorticism can present with waxingwaning gi signs digestive issues clinical notes
Cat has stopped perching in high places.,Mobility Problems,Owner Observation,cat has stopped perching in high places mobility problems owner observation
"Discuss importance of addressing primary factors (allergies, conformation) for long-term control.",Ear Infections,Clinical Notes,discuss importance of addressing primary factors allergies conformation for longterm control ear infections clinical notes
Rule out hypothyroidism as cause of dry skin and alopecia.,Skin Irritations,Clinical Notes,rule out hypothyroidism as cause of dry skin and alopecia skin irritations clinical notes
Rabbit has hair loss and scaling around the eyes.,Skin Irritations,Owner Observation,rabbit has hair loss and scaling around the eyes skin irritations owner observation
"Cat's claws are very long, maybe it hurts to use the scratching post.",Mobility Problems,Owner Observation,cats claws are very long maybe it hurts to use the scratching post mobility problems owner observation
"Gait analysis performed: observe walk, trot, turning, stairs.",Mobility Problems,Clinical Notes,gait analysis performed observe walk trot turning stairs mobility problems clinical notes
"Schedule recheck appointment appropriate for condition severity (e.g., 1-2 weeks for active infection, longer for chronic management).",Ear Infections,Clinical Notes,schedule recheck appointment appropriate for condition severity eg weeks for active infection longer for chronic management ear infections clinical notes
My dog is eating grass obsessively and then vomiting foam.,Digestive Issues,Owner Observation,my dog is eating grass obsessively and then vomiting foam digestive issues owner observation
My guinea pig has bald spots appearing behind its ears.,Skin Irritations,Owner Observation,my guinea pig has bald spots appearing behind its ears skin irritations owner observation
Monitor for decubital ulcers in recumbent patients.,Mobility Problems,Clinical Notes,monitor for decubital ulcers in recumbent patients mobility problems clinical notes
Cat cries out in pain when yawning or eating.,Ear Infections,Owner Observation,cat cries out in pain when yawning or eating ear infections owner observation
"Document lameness score (e.g., 0-5 scale) and character (weight-bearing, non-weight-bearing, intermittent).",Mobility Problems,Clinical Notes,document lameness score eg scale and character weightbearing nonweightbearing intermittent mobility problems clinical notes
Contact dermatitis suspected on sparsely haired ventral abdomen.,Skin Irritations,Clinical Notes,contact dermatitis suspected on sparsely haired ventral abdomen skin irritations clinical notes
My dog's abdomen became suddenly taut and enlarged.,Digestive Issues,Owner Observation,my dogs abdomen became suddenly taut and enlarged digestive issues owner observation
Cat struggles to climb onto the sofa.,Mobility Problems,Owner Observation,cat struggles to climb onto the sofa mobility problems owner observation
My hamster has diarrhea and isn't acting like himself.,Digestive Issues,Owner Observation,my hamster has diarrhea and isnt acting like himself digestive issues owner observation
Cat has crusty sores on the edges of her ear flaps.,Ear Infections,Owner Observation,cat has crusty sores on the edges of her ear flaps ear infections owner observation
Miliary dermatitis pattern observed in feline patient; consider flea allergy vs. food allergy.,Skin Irritations,Clinical Notes,miliary dermatitis pattern observed in feline patient consider flea allergy vs food allergy skin irritations clinical notes
My dog yelps when jumping off the couch.,Mobility Problems,Owner Observation,my dog yelps when jumping off the couch mobility problems owner observation
Cat keeps rubbing her head/ears against the furniture.,Ear Infections,Owner Observation,cat keeps rubbing her headears against the furniture ear infections owner observation
"Diagnosed hyperthyroidism (elevated T4) in cat with weight loss, polyphagia, vomiting.",Digestive Issues,Clinical Notes,diagnosed hyperthyroidism elevated t in cat with weight loss polyphagia vomiting digestive issues clinical notes
Administer nitenpyram (Capstar) orally for rapid kill of adult fleas.,Parasites,Clinical Notes,administer nitenpyram capstar orally for rapid kill of adult fleas parasites clinical notes
"Consider fecal PCR panel for comprehensive parasite screening, especially in cases of chronic diarrhea.",Parasites,Clinical Notes,consider fecal pcr panel for comprehensive parasite screening especially in cases of chronic diarrhea parasites clinical notes
Cat is losing weight but eating more than usual.,Digestive Issues,Owner Observation,cat is losing weight but eating more than usual digestive issues owner observation
Assess for potential medication side effects causing GI upset.,Digestive Issues,Clinical Notes,assess for potential medication side effects causing gi upset digestive issues clinical notes
Consider low-level laser therapy (LLLT) as adjunctive treatment for inflammation and pain.,Ear Infections,Clinical Notes,consider lowlevel laser therapy lllt as adjunctive treatment for inflammation and pain ear infections clinical notes
"Dog has bumps and scabs, vet suspected flea allergy dermatitis.",Parasites,Owner Observation,dog has bumps and scabs vet suspected flea allergy dermatitis parasites owner observation
My cat's ear mites seem resistant to the usual treatments.,Parasites,Owner Observation,my cats ear mites seem resistant to the usual treatments parasites owner observation
"Dog has flea allergy, gets severe reaction from one bite.",Parasites,Owner Observation,dog has flea allergy gets severe reaction from one bite parasites owner observation
My cat is drooling excessively and pawing at her mouth.,Digestive Issues,Owner Observation,my cat is drooling excessively and pawing at her mouth digestive issues owner observation
Provide estimate for diagnostics and potential treatments.,Digestive Issues,Clinical Notes,provide estimate for diagnostics and potential treatments digestive issues clinical notes
"If culture shows resistant bacteria, consider compounded topical formulations or systemic therapy based on MIC.",Ear Infections,Clinical Notes,if culture shows resistant bacteria consider compounded topical formulations or systemic therapy based on mic ear infections clinical notes
My older dog seems painful and slow when getting up after naps.,Mobility Problems,Owner Observation,my older dog seems painful and slow when getting up after naps mobility problems owner observation
"My kitten has a potbelly and isn't growing well, the breeder said she might have worms.",Parasites,Owner Observation,my kitten has a potbelly and isnt growing well the breeder said she might have worms parasites owner observation
Diarrhea with weight loss; check thyroid levels.,Digestive Issues,Clinical Notes,diarrhea with weight loss check thyroid levels digestive issues clinical notes
"My cat brought in a mouse, now I'm worried about worms.",Parasites,Owner Observation,my cat brought in a mouse now im worried about worms parasites owner observation
My dog has muscle atrophy.,Mobility Problems,Owner Observation,my dog has muscle atrophy mobility problems owner observation
Dermatophytosis confirmed by fungal culture; initiate itraconazole.,Skin Irritations,Clinical Notes,dermatophytosis confirmed by fungal culture initiate itraconazole skin irritations clinical notes
Pain on tail jack/lumbosacral palpation.,Mobility Problems,Clinical Notes,pain on tail jacklumbosacral palpation mobility problems clinical notes
Guinea pig's back legs seem paralyzed.,Mobility Problems,Owner Observation,guinea pigs back legs seem paralyzed mobility problems owner observation
"Cat has greasy, matted fur along its back.",Skin Irritations,Owner Observation,cat has greasy matted fur along its back skin irritations owner observation
"My ferret is scratching and has hair loss, especially around the shoulders.",Parasites,Owner Observation,my ferret is scratching and has hair loss especially around the shoulders parasites owner observation
"Note patient breed and conformational predisposition (e.g., stenotic canals in Shar Peis, pendulous pinnae in Spaniels).",Ear Infections,Clinical Notes,note patient breed and conformational predisposition eg stenotic canals in shar peis pendulous pinnae in spaniels ear infections clinical notes
My dog's front leg seems to bow outwards at the wrist.,Mobility Problems,Owner Observation,my dogs front leg seems to bow outwards at the wrist mobility problems owner observation
Dog presented with severe flea infestation and secondary anemia (PCV 22%).,Parasites,Clinical Notes,dog presented with severe flea infestation and secondary anemia pcv parasites clinical notes
"Recommend year-round broad-spectrum parasite prevention (heartworm, intestinal parasites, fleas, ticks).",Parasites,Clinical Notes,recommend yearround broadspectrum parasite prevention heartworm intestinal parasites fleas ticks parasites clinical notes
Color dilution alopecia suspected in blue-coated dog with poor coat quality and folliculitis.,Skin Irritations,Clinical Notes,color dilution alopecia suspected in bluecoated dog with poor coat quality and folliculitis skin irritations clinical notes
Prescribe fluralaner (Bravecto) for 12-week flea and tick control.,Parasites,Clinical Notes,prescribe fluralaner bravecto for week flea and tick control parasites clinical notes
"Radiographs reveal osteophytes, sclerosis, and possible UAP/FCP in left elbow.",Mobility Problems,Clinical Notes,radiographs reveal osteophytes sclerosis and possible uapfcp in left elbow mobility problems clinical notes
Dog has redness and swelling spreading onto the outside of the ear flap.,Ear Infections,Owner Observation,dog has redness and swelling spreading onto the outside of the ear flap ear infections owner observation
My parrot is picking at himself constantly and seems agitated.,Parasites,Owner Observation,my parrot is picking at himself constantly and seems agitated parasites owner observation
Hamster is dehydrated (skin stays tented when pinched).,Digestive Issues,Owner Observation,hamster is dehydrated skin stays tented when pinched digestive issues owner observation
Baermann fecal examination performed to detect lungworm larvae.,Parasites,Clinical Notes,baermann fecal examination performed to detect lungworm larvae parasites clinical notes
My dog's breed (Cocker Spaniel) is prone to ear infections.,Ear Infections,Owner Observation,my dogs breed cocker spaniel is prone to ear infections ear infections owner observation
Strict activity restriction post-operatively.,Mobility Problems,Clinical Notes,strict activity restriction postoperatively mobility problems clinical notes
Dog has had pudding-like stool for three days straight.,Digestive Issues,Owner Observation,dog has had puddinglike stool for three days straight digestive issues owner observation
Dog likely has 'swimmer's ear' after dock diving.,Ear Infections,Owner Observation,dog likely has swimmers ear after dock diving ear infections owner observation
Rabbit has stopped hopping normally.,Mobility Problems,Owner Observation,rabbit has stopped hopping normally mobility problems owner observation
"Dog keeps stretching into a 'play bow' position, seems painful.",Digestive Issues,Owner Observation,dog keeps stretching into a play bow position seems painful digestive issues owner observation
Recommend prophylactic ear cleaning with drying agent after swimming/bathing.,Ear Infections,Clinical Notes,recommend prophylactic ear cleaning with drying agent after swimmingbathing ear infections clinical notes
"Recommend using Tris-EDTA containing ear cleaner prior to antibiotic application, especially for Pseudomonas.",Ear Infections,Clinical Notes,recommend using trisedta containing ear cleaner prior to antibiotic application especially for pseudomonas ear infections clinical notes
Contrast radiography (barium series) performed; delayed transit time noted.,Digestive Issues,Clinical Notes,contrast radiography barium series performed delayed transit time noted digestive issues clinical notes
Guinea pig's feet are red and swollen.,Skin Irritations,Owner Observation,guinea pigs feet are red and swollen skin irritations owner observation
My cat's ear infection isn't responding to the current antibiotic drops.,Ear Infections,Owner Observation,my cats ear infection isnt responding to the current antibiotic drops ear infections owner observation
Prescribe sulfadimethoxine (Albon) for Coccidia treatment.,Parasites,Clinical Notes,prescribe sulfadimethoxine albon for coccidia treatment parasites clinical notes
Consider referral to dermatologist for allergy workup.,Ear Infections,Clinical Notes,consider referral to dermatologist for allergy workup ear infections clinical notes
Administer dewormer according to manufacturer's instructions.,Parasites,Clinical Notes,administer dewormer according to manufacturers instructions parasites clinical notes
Consider food elimination trial if food allergy suspected.,Ear Infections,Clinical Notes,consider food elimination trial if food allergy suspected ear infections clinical notes
My kitten has developed scabs behind her ears.,Skin Irritations,Owner Observation,my kitten has developed scabs behind her ears skin irritations owner observation
Prescribe short course of prednisone for severe inflammation.,Skin Irritations,Clinical Notes,prescribe short course of prednisone for severe inflammation skin irritations clinical notes
"Horner's syndrome (miosis, ptosis, enophthalmos, prolapsed nictitans) present ipsilateral to otitis media.",Ear Infections,Clinical Notes,horners syndrome miosis ptosis enophthalmos prolapsed nictitans present ipsilateral to otitis media ear infections clinical notes
My dog's limp seems to disappear during intense play but returns afterward.,Mobility Problems,Owner Observation,my dogs limp seems to disappear during intense play but returns afterward mobility problems owner observation
My puppy came from a litter where several pups had ear mites.,Ear Infections,Owner Observation,my puppy came from a litter where several pups had ear mites ear infections owner observation
"My cat has small, millet-seed like scabs all over its body.",Skin Irritations,Owner Observation,my cat has small milletseed like scabs all over its body skin irritations owner observation
My rabbit has sores on its hocks from sitting abnormally.,Mobility Problems,Owner Observation,my rabbit has sores on its hocks from sitting abnormally mobility problems owner observation
My dog tested positive for Ehrlichiosis on his annual screen.,Parasites,Owner Observation,my dog tested positive for ehrlichiosis on his annual screen parasites owner observation
Advise feeding multiple small meals per day instead of one or two large meals.,Digestive Issues,Clinical Notes,advise feeding multiple small meals per day instead of one or two large meals digestive issues clinical notes
"Dog has whipworms according to the vet, needs specific dewormer.",Parasites,Owner Observation,dog has whipworms according to the vet needs specific dewormer parasites owner observation
Rule out foreign body obstruction; recommend abdominal ultrasound.,Digestive Issues,Clinical Notes,rule out foreign body obstruction recommend abdominal ultrasound digestive issues clinical notes
Otitis externa (AU - both ears) noted; moderate erythema and ceruminous discharge.,Ear Infections,Clinical Notes,otitis externa au both ears noted moderate erythema and ceruminous discharge ear infections clinical notes
Guinea pig has soft droppings sticking to its rear end.,Digestive Issues,Owner Observation,guinea pig has soft droppings sticking to its rear end digestive issues owner observation
Prescribe short course of oral corticosteroids (prednisone) for severe inflammation/pruritus.,Skin Irritations,Clinical Notes,prescribe short course of oral corticosteroids prednisone for severe inflammationpruritus skin irritations clinical notes
My dog sometimes skips for a step or two on his back leg while trotting.,Mobility Problems,Owner Observation,my dog sometimes skips for a step or two on his back leg while trotting mobility problems owner observation
Schedule follow-up fecal examination 3-4 weeks post-deworming.,Parasites,Clinical Notes,schedule followup fecal examination weeks postdeworming parasites clinical notes
Exocrine pancreatic insufficiency (EPI) confirmed by low TLI level. Prescribe pancreatic enzyme supplement.,Digestive Issues,Clinical Notes,exocrine pancreatic insufficiency epi confirmed by low tli level prescribe pancreatic enzyme supplement digestive issues clinical notes
"Instruct owner to monitor appetite, vomiting, fecal consistency, and activity level.",Digestive Issues,Clinical Notes,instruct owner to monitor appetite vomiting fecal consistency and activity level digestive issues clinical notes
Dog’s ears are tender and smell like yeast.,Ear Infections,Owner Observation,dog’s ears are tender and smell like yeast ear infections owner observation
My dog has a rash on his belly that looks like insect bites.,Skin Irritations,Owner Observation,my dog has a rash on his belly that looks like insect bites skin irritations owner observation
Tritrichomonas foetus testing recommended for chronic feline diarrhea.,Digestive Issues,Clinical Notes,tritrichomonas foetus testing recommended for chronic feline diarrhea digestive issues clinical notes
My rabbit is pressing its abdomen on the floor.,Digestive Issues,Owner Observation,my rabbit is pressing its abdomen on the floor digestive issues owner observation
Fecal centrifugation with zinc sulfate solution used for optimal parasite egg recovery.,Parasites,Clinical Notes,fecal centrifugation with zinc sulfate solution used for optimal parasite egg recovery parasites clinical notes
Consider environmental allergy testing (serum or intradermal).,Skin Irritations,Clinical Notes,consider environmental allergy testing serum or intradermal skin irritations clinical notes
Provide structured plan for gradual increase in activity following healing period.,Mobility Problems,Clinical Notes,provide structured plan for gradual increase in activity following healing period mobility problems clinical notes
"Treat Otodectes with topical acaricide (e.g., Acarexx) or systemic isoxazoline. Ensure all contact animals treated.",Ear Infections,Clinical Notes,treat otodectes with topical acaricide eg acarexx or systemic isoxazoline ensure all contact animals treated ear infections clinical notes
My dog slipped on the floor and has been limping since.,Mobility Problems,Owner Observation,my dog slipped on the floor and has been limping since mobility problems owner observation
Consider stress as a trigger for colitis; advise environmental enrichment/behavior modification.,Digestive Issues,Clinical Notes,consider stress as a trigger for colitis advise environmental enrichmentbehavior modification digestive issues clinical notes
Rabbit seems generally weak and floppy.,Mobility Problems,Owner Observation,rabbit seems generally weak and floppy mobility problems owner observation
"Congenital portosystemic shunt suspected in young dog with poor growth, neuro signs after eating, urate crystalluria.",Digestive Issues,Clinical Notes,congenital portosystemic shunt suspected in young dog with poor growth neuro signs after eating urate crystalluria digestive issues clinical notes
"Consider autoimmune differentials if lesions also present on nasal planum, footpads, or mucocutaneous junctions.",Ear Infections,Clinical Notes,consider autoimmune differentials if lesions also present on nasal planum footpads or mucocutaneous junctions ear infections clinical notes
Fracture identified on radiograph; stabilize and discuss repair options.,Mobility Problems,Clinical Notes,fracture identified on radiograph stabilize and discuss repair options mobility problems clinical notes
Medial patellar luxation (MPL) Grade II/IV palpated bilaterally.,Mobility Problems,Clinical Notes,medial patellar luxation mpl grade iiiv palpated bilaterally mobility problems clinical notes
"Dog has a large, weeping sore on his neck that came up fast.",Skin Irritations,Owner Observation,dog has a large weeping sore on his neck that came up fast skin irritations owner observation
Histiocytoma present on young dog; monitor for spontaneous regression.,Skin Irritations,Clinical Notes,histiocytoma present on young dog monitor for spontaneous regression skin irritations clinical notes
Rabbit has dandruff concentrated over its shoulders.,Skin Irritations,Owner Observation,rabbit has dandruff concentrated over its shoulders skin irritations owner observation
Prescribe maropitant (Cerenia) for vomiting and recommend bland diet.,Digestive Issues,Clinical Notes,prescribe maropitant cerenia for vomiting and recommend bland diet digestive issues clinical notes
Patient is candidate for Total Ear Canal Ablation and Bulla Osteotomy (TECA-BO) due to end-stage otitis.,Ear Infections,Clinical Notes,patient is candidate for total ear canal ablation and bulla osteotomy tecabo due to endstage otitis ear infections clinical notes
"My dog's stomach is rumbling loudly, and he keeps licking the air.",Digestive Issues,Owner Observation,my dogs stomach is rumbling loudly and he keeps licking the air digestive issues owner observation
Dog has diarrhea that looks like raspberry jam.,Digestive Issues,Owner Observation,dog has diarrhea that looks like raspberry jam digestive issues owner observation
My rabbit's left ear is hanging down lower than the right.,Ear Infections,Owner Observation,my rabbits left ear is hanging down lower than the right ear infections owner observation
"Feline patient exhibits miliary dermatitis pattern; rule out FAD, food allergy, atopy.",Skin Irritations,Clinical Notes,feline patient exhibits miliary dermatitis pattern rule out fad food allergy atopy skin irritations clinical notes
"My dog is scratching constantly, and I found tiny brown bugs crawling on him.",Parasites,Owner Observation,my dog is scratching constantly and i found tiny brown bugs crawling on him parasites owner observation
Emphasize finishing the full course of medication.,Ear Infections,Clinical Notes,emphasize finishing the full course of medication ear infections clinical notes
Advise meticulous cage hygiene and appropriate bedding for rabbits to prevent myiasis.,Parasites,Clinical Notes,advise meticulous cage hygiene and appropriate bedding for rabbits to prevent myiasis parasites clinical notes
"Dog has flea allergy dermatitis, reacts severely to flea saliva.",Parasites,Owner Observation,dog has flea allergy dermatitis reacts severely to flea saliva parasites owner observation
"Dog has small, raised, hairless bumps appearing on his body.",Skin Irritations,Owner Observation,dog has small raised hairless bumps appearing on his body skin irritations owner observation
My dog's ear infection came back shortly after finishing medication.,Ear Infections,Owner Observation,my dogs ear infection came back shortly after finishing medication ear infections owner observation
"Symmetrical non-inflammatory alopecia on flanks; rule out endocrine condition (hypothyroidism, hyperadrenocorticism, sex hormone imbalance).",Skin Irritations,Clinical Notes,symmetrical noninflammatory alopecia on flanks rule out endocrine condition hypothyroidism hyperadrenocorticism sex hormone imbalance skin irritations clinical notes
"My dog has scabies, and the whole family is itchy now.",Parasites,Owner Observation,my dog has scabies and the whole family is itchy now parasites owner observation
Cat has hair loss above the eyes.,Skin Irritations,Owner Observation,cat has hair loss above the eyes skin irritations owner observation
Dermacentor andersoni tick removed. Discuss RMSF/Tularemia/tick paralysis risk.,Parasites,Clinical Notes,dermacentor andersoni tick removed discuss rmsftularemiatick paralysis risk parasites clinical notes
Cat is grooming one specific spot on her leg until it's bald.,Mobility Problems,Owner Observation,cat is grooming one specific spot on her leg until its bald mobility problems owner observation
My dog doesn't lift his legs as high when walking anymore.,Mobility Problems,Owner Observation,my dog doesnt lift his legs as high when walking anymore mobility problems owner observation
"My rabbit has flaky skin and seems very itchy, especially on its back.",Parasites,Owner Observation,my rabbit has flaky skin and seems very itchy especially on its back parasites owner observation
Guinea pig's abdomen feels tight and bloated.,Digestive Issues,Owner Observation,guinea pigs abdomen feels tight and bloated digestive issues owner observation
"Histiocytoma observed on young dog's limb; typically benign, monitor for regression.",Skin Irritations,Clinical Notes,histiocytoma observed on young dogs limb typically benign monitor for regression skin irritations clinical notes
Dog has redness and bumps in the groin area.,Skin Irritations,Owner Observation,dog has redness and bumps in the groin area skin irritations owner observation
"Dog is biting at his hind end, near the tail.",Skin Irritations,Owner Observation,dog is biting at his hind end near the tail skin irritations owner observation
"Rabbit is over-grooming its belly, leaving the skin bare.",Skin Irritations,Owner Observation,rabbit is overgrooming its belly leaving the skin bare skin irritations owner observation
"Lungworm (e.g., Aelurostrongylus abstrusus in cats) suspected based on respiratory signs; Baermann fecal analysis recommended.",Parasites,Clinical Notes,lungworm eg aelurostrongylus abstrusus in cats suspected based on respiratory signs baermann fecal analysis recommended parasites clinical notes
Prescribe anti-diarrheal (kaolin-pectin) for symptomatic relief.,Digestive Issues,Clinical Notes,prescribe antidiarrheal kaolinpectin for symptomatic relief digestive issues clinical notes
My rabbit has an abscess near the ear.,Ear Infections,Owner Observation,my rabbit has an abscess near the ear ear infections owner observation
Pruritus and erythema on ears; topical therapy prescribed.,Skin Irritations,Clinical Notes,pruritus and erythema on ears topical therapy prescribed skin irritations clinical notes
My guinea pig is losing hair and has crusty sores.,Parasites,Owner Observation,my guinea pig is losing hair and has crusty sores parasites owner observation
Kitten has lost fur on its paws.,Skin Irritations,Owner Observation,kitten has lost fur on its paws skin irritations owner observation
Tibial thrust clearly palpable during ambulation.,Mobility Problems,Clinical Notes,tibial thrust clearly palpable during ambulation mobility problems clinical notes
Prescribe strict cage rest (4-6 weeks) and muscle relaxants (methocarbamol) for suspected fibrocartilaginous embolism (FCE).,Mobility Problems,Clinical Notes,prescribe strict cage rest weeks and muscle relaxants methocarbamol for suspected fibrocartilaginous embolism fce mobility problems clinical notes
"Recommend feeding a low-fat, easily digestible prescription diet during recovery from pancreatitis.",Digestive Issues,Clinical Notes,recommend feeding a lowfat easily digestible prescription diet during recovery from pancreatitis digestive issues clinical notes
Perform thorough dental examination to rule out apical abscess or oronasal fistula contributing to signs.,Ear Infections,Clinical Notes,perform thorough dental examination to rule out apical abscess or oronasal fistula contributing to signs ear infections clinical notes
Ensure medication is stored and handled correctly.,Ear Infections,Clinical Notes,ensure medication is stored and handled correctly ear infections clinical notes
My ferret's skin seems yellowish.,Skin Irritations,Owner Observation,my ferrets skin seems yellowish skin irritations owner observation
Educate owner on signs of dehydration.,Digestive Issues,Clinical Notes,educate owner on signs of dehydration digestive issues clinical notes
Recheck fecal exam after deworming treatment.,Digestive Issues,Clinical Notes,recheck fecal exam after deworming treatment digestive issues clinical notes
My cat gags frequently without bringing anything up.,Digestive Issues,Owner Observation,my cat gags frequently without bringing anything up digestive issues owner observation
My dog consistently puts less weight on his left hind leg.,Mobility Problems,Owner Observation,my dog consistently puts less weight on his left hind leg mobility problems owner observation
"Ferret walks very stiffly, especially in the hind end.",Mobility Problems,Owner Observation,ferret walks very stiffly especially in the hind end mobility problems owner observation
Treat ear mites with appropriate acaricide (topical or systemic). Treat all in-contact animals.,Ear Infections,Clinical Notes,treat ear mites with appropriate acaricide topical or systemic treat all incontact animals ear infections clinical notes
Chronic ear infection; rule out hypothyroidism.,Ear Infections,Clinical Notes,chronic ear infection rule out hypothyroidism ear infections clinical notes
Ferret is having trouble climbing.,Mobility Problems,Owner Observation,ferret is having trouble climbing mobility problems owner observation
Prescribe metronidazole and recommend adding fiber (pumpkin) to diet for colitis.,Digestive Issues,Clinical Notes,prescribe metronidazole and recommend adding fiber pumpkin to diet for colitis digestive issues clinical notes
Ear cytology performed to confirm mites and check for secondary infection.,Parasites,Clinical Notes,ear cytology performed to confirm mites and check for secondary infection parasites clinical notes
Guinea pig has tiny white lice visible in its fur.,Parasites,Owner Observation,guinea pig has tiny white lice visible in its fur parasites owner observation
Referral to veterinary dermatologist recommended for comprehensive allergy investigation.,Ear Infections,Clinical Notes,referral to veterinary dermatologist recommended for comprehensive allergy investigation ear infections clinical notes
My rabbit has developed sores on its heels.,Mobility Problems,Owner Observation,my rabbit has developed sores on its heels mobility problems owner observation
Isolate animals with Sarcoptes or highly contagious parasites from other pets.,Parasites,Clinical Notes,isolate animals with sarcoptes or highly contagious parasites from other pets parasites clinical notes
Treat otodectes infestation with topical selamectin (Revolution) or moxidectin/imidacloprid (Advantage Multi). Clean ears prior.,Parasites,Clinical Notes,treat otodectes infestation with topical selamectin revolution or moxidectinimidacloprid advantage multi clean ears prior parasites clinical notes
"My cat has dark wax, but the vet said it wasn't mites.",Ear Infections,Owner Observation,my cat has dark wax but the vet said it wasnt mites ear infections owner observation
Rule out scabies based on intense pruritus and lesion distribution.,Skin Irritations,Clinical Notes,rule out scabies based on intense pruritus and lesion distribution skin irritations clinical notes
"Cat is scratching her face, causing small cuts near her eyes.",Skin Irritations,Owner Observation,cat is scratching her face causing small cuts near her eyes skin irritations owner observation
My dog vomited bile this morning and isn't interested in breakfast.,Digestive Issues,Owner Observation,my dog vomited bile this morning and isnt interested in breakfast digestive issues owner observation
Dog has diarrhea that smells particularly foul.,Digestive Issues,Owner Observation,dog has diarrhea that smells particularly foul digestive issues owner observation
My kitten has ringworm-like circles appearing on her face.,Skin Irritations,Owner Observation,my kitten has ringwormlike circles appearing on her face skin irritations owner observation
My dog shakes his head after waking up.,Ear Infections,Owner Observation,my dog shakes his head after waking up ear infections owner observation
Stool culture pending; start supportive care.,Digestive Issues,Clinical Notes,stool culture pending start supportive care digestive issues clinical notes
Dog’s gait is wobbly and he falls often.,Mobility Problems,Owner Observation,dog’s gait is wobbly and he falls often mobility problems owner observation
Scaling and redness on back; medicated bath advised.,Skin Irritations,Clinical Notes,scaling and redness on back medicated bath advised skin irritations clinical notes
Treat all animals in contact with sarcoptic mange patient.,Parasites,Clinical Notes,treat all animals in contact with sarcoptic mange patient parasites clinical notes
"Cat cries and flinches if I try to look in her ears, they look black inside.",Parasites,Owner Observation,cat cries and flinches if i try to look in her ears they look black inside parasites owner observation
Rabbit presents with severe crusting otitis externa due to Psoroptes cuniculi infestation.,Ear Infections,Clinical Notes,rabbit presents with severe crusting otitis externa due to psoroptes cuniculi infestation ear infections clinical notes
Psychogenic alopecia diagnosed in feline patient; behavioral modification and medication discussed.,Skin Irritations,Clinical Notes,psychogenic alopecia diagnosed in feline patient behavioral modification and medication discussed skin irritations clinical notes
Dog is constantly shaking his head and scratching his ears raw.,Skin Irritations,Owner Observation,dog is constantly shaking his head and scratching his ears raw skin irritations owner observation
"My dog has bare patches of skin and intense itching, worse at night.",Parasites,Owner Observation,my dog has bare patches of skin and intense itching worse at night parasites owner observation
Abdominocentesis performed; fluid analysis pending.,Digestive Issues,Clinical Notes,abdominocentesis performed fluid analysis pending digestive issues clinical notes
My dog's ear infection seems worse in humid weather.,Ear Infections,Owner Observation,my dogs ear infection seems worse in humid weather ear infections owner observation
"Rabbit has neurological issues (head tilt, weakness) from E. cuniculi.",Mobility Problems,Owner Observation,rabbit has neurological issues head tilt weakness from e cuniculi mobility problems owner observation
"My cat is regurgitating food (undigested, tube-shaped) right after eating.",Digestive Issues,Owner Observation,my cat is regurgitating food undigested tubeshaped right after eating digestive issues owner observation
My canary has crusty scales on its legs and feet.,Parasites,Owner Observation,my canary has crusty scales on its legs and feet parasites owner observation
Flea bite hypersensitivity is primary differential for caudal dorsal pruritus.,Skin Irritations,Clinical Notes,flea bite hypersensitivity is primary differential for caudal dorsal pruritus skin irritations clinical notes
Palliative radiation therapy discussed for bone pain.,Mobility Problems,Clinical Notes,palliative radiation therapy discussed for bone pain mobility problems clinical notes
Ferret hasn't eaten today and vomited greenish fluid.,Digestive Issues,Owner Observation,ferret hasnt eaten today and vomited greenish fluid digestive issues owner observation
My dog has developed a large fluid-filled swelling (cyst?) under the skin.,Skin Irritations,Owner Observation,my dog has developed a large fluidfilled swelling cyst under the skin skin irritations owner observation
"Recommend easily digestible, low-fat diet for recovery.",Digestive Issues,Clinical Notes,recommend easily digestible lowfat diet for recovery digestive issues clinical notes
"Provided post-operative instructions for aural hematoma repair (e.g., drain care, E-collar use).",Ear Infections,Clinical Notes,provided postoperative instructions for aural hematoma repair eg drain care ecollar use ear infections clinical notes
Heavy burden of flea dirt noted on exam. Diagnosis: Ctenocephalides felis infestation.,Parasites,Clinical Notes,heavy burden of flea dirt noted on exam diagnosis ctenocephalides felis infestation parasites clinical notes
My cat has Horner's syndrome related to an ear infection.,Ear Infections,Owner Observation,my cat has horners syndrome related to an ear infection ear infections owner observation
Referral to neurologist for MRI and potential surgical decompression for IVDD.,Mobility Problems,Clinical Notes,referral to neurologist for mri and potential surgical decompression for ivdd mobility problems clinical notes
"Dog has large volume, greasy, foul-smelling stools.",Digestive Issues,Owner Observation,dog has large volume greasy foulsmelling stools digestive issues owner observation
My rabbit's appetite has been poor for several days.,Digestive Issues,Owner Observation,my rabbits appetite has been poor for several days digestive issues owner observation
Dog's ears are greasy and the hair around them is matted.,Ear Infections,Owner Observation,dogs ears are greasy and the hair around them is matted ear infections owner observation
Dog has diarrhea with visible pieces of undigested kibble.,Digestive Issues,Owner Observation,dog has diarrhea with visible pieces of undigested kibble digestive issues owner observation
Psoroptes cuniculi (rabbit ear mite) infestation causing otitis externa.,Parasites,Clinical Notes,psoroptes cuniculi rabbit ear mite infestation causing otitis externa parasites clinical notes
My dog has food allergies that trigger ear infections.,Ear Infections,Owner Observation,my dog has food allergies that trigger ear infections ear infections owner observation
Rectal palpation reveals firm mass; biopsy recommended.,Digestive Issues,Clinical Notes,rectal palpation reveals firm mass biopsy recommended digestive issues clinical notes
Reduced range of motion and crepitus noted in bilateral hips; suspect osteoarthritis (OA)/degenerative joint condition (DJD).,Mobility Problems,Clinical Notes,reduced range of motion and crepitus noted in bilateral hips suspect osteoarthritis oadegenerative joint condition djd mobility problems clinical notes
My dog has a torn ACL (CCL) and needs surgery.,Mobility Problems,Owner Observation,my dog has a torn acl ccl and needs surgery mobility problems owner observation
Hemorrhagic gastroenteritis (HGE) suspected due to 'raspberry jam' stool and elevated PCV.,Digestive Issues,Clinical Notes,hemorrhagic gastroenteritis hge suspected due to raspberry jam stool and elevated pcv digestive issues clinical notes
My dog tested positive for Anaplasmosis after a tick bite.,Parasites,Owner Observation,my dog tested positive for anaplasmosis after a tick bite parasites owner observation
"There's a moist, red, sore area on my dog's flank that appeared suddenly.",Skin Irritations,Owner Observation,theres a moist red sore area on my dogs flank that appeared suddenly skin irritations owner observation
Ferret yelps when his ears are examined.,Ear Infections,Owner Observation,ferret yelps when his ears are examined ear infections owner observation
"Puppy has intermittent diarrhea, sometimes normal, sometimes loose.",Digestive Issues,Owner Observation,puppy has intermittent diarrhea sometimes normal sometimes loose digestive issues owner observation
Recurrent otitis likely secondary to underlying food allergy. Initiate diet trial.,Ear Infections,Clinical Notes,recurrent otitis likely secondary to underlying food allergy initiate diet trial ear infections clinical notes
"Trixacarus caviae infestation in guinea pig causing intense pruritus, scaling, seizures. Treat with ivermectin/selamectin.",Parasites,Clinical Notes,trixacarus caviae infestation in guinea pig causing intense pruritus scaling seizures treat with ivermectinselamectin parasites clinical notes
Consider empirical deworming with broad-spectrum anthelmintic.,Digestive Issues,Clinical Notes,consider empirical deworming with broadspectrum anthelmintic digestive issues clinical notes
Pain elicited on biceps tendon palpation and shoulder flexion.,Mobility Problems,Clinical Notes,pain elicited on biceps tendon palpation and shoulder flexion mobility problems clinical notes
Amblyomma americanum tick removed; advise monitoring for signs of Ehrlichiosis.,Parasites,Clinical Notes,amblyomma americanum tick removed advise monitoring for signs of ehrlichiosis parasites clinical notes
Guinea pig seems unable to move properly after being dropped.,Mobility Problems,Owner Observation,guinea pig seems unable to move properly after being dropped mobility problems owner observation
"Rabbit isn't eating pellets, only picking at greens.",Digestive Issues,Owner Observation,rabbit isnt eating pellets only picking at greens digestive issues owner observation
My dog has a rash after swimming in the lake.,Skin Irritations,Owner Observation,my dog has a rash after swimming in the lake skin irritations owner observation
Provide client handout detailing comprehensive flea control strategy (pet and environment).,Parasites,Clinical Notes,provide client handout detailing comprehensive flea control strategy pet and environment parasites clinical notes
Cat has created raw spots and scabs around her ears from scratching.,Ear Infections,Owner Observation,cat has created raw spots and scabs around her ears from scratching ear infections owner observation
My cat seems to have inflammation deep within the ear.,Ear Infections,Owner Observation,my cat seems to have inflammation deep within the ear ear infections owner observation
Document date of tick removal and location.,Parasites,Clinical Notes,document date of tick removal and location parasites clinical notes
Canine pancreatic lipase (cPL) snap test positive. Consistent with pancreatitis.,Digestive Issues,Clinical Notes,canine pancreatic lipase cpl snap test positive consistent with pancreatitis digestive issues clinical notes
"Cat is constantly scratching around the neck, causing hair loss.",Skin Irritations,Owner Observation,cat is constantly scratching around the neck causing hair loss skin irritations owner observation
My rabbit has crusty buildup inside its ears.,Ear Infections,Owner Observation,my rabbit has crusty buildup inside its ears ear infections owner observation
"Recommend initiation of monthly isoxazoline product (e.g., Bravecto, Nexgard, Simparica) for flea/tick control.",Parasites,Clinical Notes,recommend initiation of monthly isoxazoline product eg bravecto nexgard simparica for fleatick control parasites clinical notes
"Crusting lesions on pinnal margins and pressure points; consider vasculitis, pemphigus, zinc-responsive dermatosis.",Skin Irritations,Clinical Notes,crusting lesions on pinnal margins and pressure points consider vasculitis pemphigus zincresponsive dermatosis skin irritations clinical notes
Puppy's ears seem hot to the touch.,Ear Infections,Owner Observation,puppys ears seem hot to the touch ear infections owner observation
Vomiting post-meal; test for food intolerance.,Digestive Issues,Clinical Notes,vomiting postmeal test for food intolerance digestive issues clinical notes
"Guinea pig has mange mites, causing severe itching and seizures.",Parasites,Owner Observation,guinea pig has mange mites causing severe itching and seizures parasites owner observation
Melena noted on rectal exam; suggests upper GI bleeding.,Digestive Issues,Clinical Notes,melena noted on rectal exam suggests upper gi bleeding digestive issues clinical notes
Emphasize importance of removing feces from yard daily to break parasite life cycles.,Parasites,Clinical Notes,emphasize importance of removing feces from yard daily to break parasite life cycles parasites clinical notes
"Dog has intense itching episodes, especially at night.",Skin Irritations,Owner Observation,dog has intense itching episodes especially at night skin irritations owner observation
"Dog keeps shaking his head, and the inside of his ear flaps are red.",Skin Irritations,Owner Observation,dog keeps shaking his head and the inside of his ear flaps are red skin irritations owner observation
Advise owner that Sarcoptes mites can survive off-host for a limited time.,Parasites,Clinical Notes,advise owner that sarcoptes mites can survive offhost for a limited time parasites clinical notes
Ensure owner understands frequency and duration of deworming medication.,Parasites,Clinical Notes,ensure owner understands frequency and duration of deworming medication parasites clinical notes
My rabbit is biting at its flank.,Skin Irritations,Owner Observation,my rabbit is biting at its flank skin irritations owner observation
My rabbit has sores developing on the soles of its feet.,Parasites,Owner Observation,my rabbit has sores developing on the soles of its feet parasites owner observation
"Examine contralateral ear; mild inflammation noted, recommend starting treatment AU.",Ear Infections,Clinical Notes,examine contralateral ear mild inflammation noted recommend starting treatment au ear infections clinical notes
Parvovirus antigen test negative.,Digestive Issues,Clinical Notes,parvovirus antigen test negative digestive issues clinical notes
Vomiting and lethargy; check for intoxication.,Digestive Issues,Clinical Notes,vomiting and lethargy check for intoxication digestive issues clinical notes
Rabbit has lost balance.,Ear Infections,Owner Observation,rabbit has lost balance ear infections owner observation
Provide client handout on proper tick removal technique and importance of prevention.,Parasites,Clinical Notes,provide client handout on proper tick removal technique and importance of prevention parasites clinical notes
My dog's elbow/hock seems to stick out at an odd angle.,Mobility Problems,Owner Observation,my dogs elbowhock seems to stick out at an odd angle mobility problems owner observation
"Facial nerve paralysis (lip droop, inability to blink) noted; may be temporary or permanent complication of otitis.",Ear Infections,Clinical Notes,facial nerve paralysis lip droop inability to blink noted may be temporary or permanent complication of otitis ear infections clinical notes
Portosystemic shunt considered in young animal with poor growth and GI signs.,Digestive Issues,Clinical Notes,portosystemic shunt considered in young animal with poor growth and gi signs digestive issues clinical notes
Perform trichogram (hair pluck exam) to look for lice eggs (nits) or Cheyletiella.,Parasites,Clinical Notes,perform trichogram hair pluck exam to look for lice eggs nits or cheyletiella parasites clinical notes
Cat has developed facial nerve paralysis (droopy face) on one side.,Ear Infections,Owner Observation,cat has developed facial nerve paralysis droopy face on one side ear infections owner observation
Cat vomits bile mostly in the early morning before breakfast.,Digestive Issues,Owner Observation,cat vomits bile mostly in the early morning before breakfast digestive issues owner observation
"Advise meticulous hand hygiene and prompt feces removal to minimize zoonotic risk (e.g., roundworms, hookworms).",Parasites,Clinical Notes,advise meticulous hand hygiene and prompt feces removal to minimize zoonotic risk eg roundworms hookworms parasites clinical notes
"Dog has sudden onset of watery, projectile diarrhea.",Digestive Issues,Owner Observation,dog has sudden onset of watery projectile diarrhea digestive issues owner observation
Discuss long-term management plan for chronic conditions.,Mobility Problems,Clinical Notes,discuss longterm management plan for chronic conditions mobility problems clinical notes
Address any owner financial concerns and discuss alternative treatment plans if necessary.,Ear Infections,Clinical Notes,address any owner financial concerns and discuss alternative treatment plans if necessary ear infections clinical notes
My cat has redness and swelling of the chin.,Skin Irritations,Owner Observation,my cat has redness and swelling of the chin skin irritations owner observation
Myasthenia gravis diagnosed via Tensilon test or ACh receptor antibody titer.,Mobility Problems,Clinical Notes,myasthenia gravis diagnosed via tensilon test or ach receptor antibody titer mobility problems clinical notes
"Superficial necrolytic dermatitis (hepatocutaneous syndrome) suspected; check liver values/ultrasound, amino acids.",Skin Irritations,Clinical Notes,superficial necrolytic dermatitis hepatocutaneous syndrome suspected check liver valuesultrasound amino acids skin irritations clinical notes
Hypertrophic osteodystrophy (HOD) suspected in young growing dog with fever and metaphyseal swelling/pain.,Mobility Problems,Clinical Notes,hypertrophic osteodystrophy hod suspected in young growing dog with fever and metaphyseal swellingpain mobility problems clinical notes
My guinea pig's droppings are very small and dry.,Digestive Issues,Owner Observation,my guinea pigs droppings are very small and dry digestive issues owner observation
"Cat has a greasy feel to her coat, especially near the tail base.",Skin Irritations,Owner Observation,cat has a greasy feel to her coat especially near the tail base skin irritations owner observation
"Strict confinement (crate rest, leash walks only for elimination) mandated for 8 weeks post-operatively.",Mobility Problems,Clinical Notes,strict confinement crate rest leash walks only for elimination mandated for weeks postoperatively mobility problems clinical notes
Engorged Ixodes pacificus tick removed from shoulder. Discuss Lyme condition prevention/monitoring.,Parasites,Clinical Notes,engorged ixodes pacificus tick removed from shoulder discuss lyme condition preventionmonitoring parasites clinical notes
"Bladder management (manual expression, catheterization) required for paralyzed patients.",Mobility Problems,Clinical Notes,bladder management manual expression catheterization required for paralyzed patients mobility problems clinical notes
Rabbit has discharge coming from the ear.,Ear Infections,Owner Observation,rabbit has discharge coming from the ear ear infections owner observation
"Dog’s ears have a rash with small, crusty bumps.",Skin Irritations,Owner Observation,dog’s ears have a rash with small crusty bumps skin irritations owner observation
My cat has bad breath and occasionally vomits foam.,Digestive Issues,Owner Observation,my cat has bad breath and occasionally vomits foam digestive issues owner observation
Cat’s ears have a brown discharge and bad smell.,Ear Infections,Owner Observation,cat’s ears have a brown discharge and bad smell ear infections owner observation
My ferret arches his back when I pick him up.,Mobility Problems,Owner Observation,my ferret arches his back when i pick him up mobility problems owner observation
Radiographs show significant joint effusion in bilateral stifles.,Mobility Problems,Clinical Notes,radiographs show significant joint effusion in bilateral stifles mobility problems clinical notes
Ensure accurate weight for correct dosage of preventatives/treatments.,Parasites,Clinical Notes,ensure accurate weight for correct dosage of preventativestreatments parasites clinical notes
"Radiographs reveal aggressive bone lesion (lysis, periosteal reaction) in distal radius; suspect osteosarcoma.",Mobility Problems,Clinical Notes,radiographs reveal aggressive bone lesion lysis periosteal reaction in distal radius suspect osteosarcoma mobility problems clinical notes
Splint or cast applied for stabilization.,Mobility Problems,Clinical Notes,splint or cast applied for stabilization mobility problems clinical notes
My puppy has 'growing pains' (panosteitis).,Mobility Problems,Owner Observation,my puppy has growing pains panosteitis mobility problems owner observation
Prescribe anti-nausea medication (maropitant) for vestibular signs.,Ear Infections,Clinical Notes,prescribe antinausea medication maropitant for vestibular signs ear infections clinical notes
Dietary modification: increase fiber for constipation/colitis.,Digestive Issues,Clinical Notes,dietary modification increase fiber for constipationcolitis digestive issues clinical notes
Pythiosis suspected due to transmural GI thickening on ultrasound; serology or biopsy needed.,Digestive Issues,Clinical Notes,pythiosis suspected due to transmural gi thickening on ultrasound serology or biopsy needed digestive issues clinical notes
My ferret seems painful in his back.,Mobility Problems,Owner Observation,my ferret seems painful in his back mobility problems owner observation
Ferret seems painful around the head.,Ear Infections,Owner Observation,ferret seems painful around the head ear infections owner observation
"Inquire about travel history, exposure to wildlife, and housing conditions to assess parasite risk.",Parasites,Clinical Notes,inquire about travel history exposure to wildlife and housing conditions to assess parasite risk parasites clinical notes
"Myelogram performed, shows spinal cord compression.",Mobility Problems,Clinical Notes,myelogram performed shows spinal cord compression mobility problems clinical notes
Provide handout on tick prevention and removal.,Parasites,Clinical Notes,provide handout on tick prevention and removal parasites clinical notes
Treat generalized demodicosis with oral isoxazoline (off-label use may require informed consent) or injectable moxidectin.,Parasites,Clinical Notes,treat generalized demodicosis with oral isoxazoline offlabel use may require informed consent or injectable moxidectin parasites clinical notes
My bird has crusty growths on its beak and feet.,Parasites,Owner Observation,my bird has crusty growths on its beak and feet parasites owner observation
Perform baseline CBC/Chemistry panel before starting NSAIDs; recheck periodically.,Mobility Problems,Clinical Notes,perform baseline cbcchemistry panel before starting nsaids recheck periodically mobility problems clinical notes
Primary secretory otitis media (PSOM) suspected in Cavalier King Charles Spaniel.,Ear Infections,Clinical Notes,primary secretory otitis media psom suspected in cavalier king charles spaniel ear infections clinical notes
Otitis with waxy debris; flush and medicate.,Ear Infections,Clinical Notes,otitis with waxy debris flush and medicate ear infections clinical notes
Cat has developed hives/welts after being outside.,Skin Irritations,Owner Observation,cat has developed hiveswelts after being outside skin irritations owner observation
My cat has crusty lesions around her eyes and nose.,Skin Irritations,Owner Observation,my cat has crusty lesions around her eyes and nose skin irritations owner observation
Hypovitaminosis C (scurvy) suspected in anorexic guinea pig with painful joints/lameness. Supplement Vitamin C immediately.,Mobility Problems,Clinical Notes,hypovitaminosis c scurvy suspected in anorexic guinea pig with painful jointslameness supplement vitamin c immediately mobility problems clinical notes
Multiple papules and pustules on ventral thorax; impression smear reveals cocci.,Skin Irritations,Clinical Notes,multiple papules and pustules on ventral thorax impression smear reveals cocci skin irritations clinical notes
Radiographs show diffuse gas pattern throughout bowel; no signs of obstruction.,Digestive Issues,Clinical Notes,radiographs show diffuse gas pattern throughout bowel no signs of obstruction digestive issues clinical notes
"Provide client handout explaining heartworm life cycle, transmission, and prevention.",Parasites,Clinical Notes,provide client handout explaining heartworm life cycle transmission and prevention parasites clinical notes
My dog is reluctant to go for walks.,Mobility Problems,Owner Observation,my dog is reluctant to go for walks mobility problems owner observation
My dog sits with his leg sticking straight out to the side.,Mobility Problems,Owner Observation,my dog sits with his leg sticking straight out to the side mobility problems owner observation
Consider referral to internal medicine specialist for complex cases.,Digestive Issues,Clinical Notes,consider referral to internal medicine specialist for complex cases digestive issues clinical notes
My dog is knuckling over on his paws.,Mobility Problems,Owner Observation,my dog is knuckling over on his paws mobility problems owner observation
"Heartworm antigen test positive. Confirm with microfilaria test/repeat antigen test. Stage condition (radiographs, echo). Initiate AHS protocol.",Parasites,Clinical Notes,heartworm antigen test positive confirm with microfilaria testrepeat antigen test stage condition radiographs echo initiate ahs protocol parasites clinical notes
Patellar luxation grade III; surgical consult.,Mobility Problems,Clinical Notes,patellar luxation grade iii surgical consult mobility problems clinical notes
Otitis externa with odor; start combo drops.,Ear Infections,Clinical Notes,otitis externa with odor start combo drops ear infections clinical notes
Cytology (right ear) reveals Malassezia pachydermatis (yeast) +++ and cocci ++.,Ear Infections,Clinical Notes,cytology right ear reveals malassezia pachydermatis yeast and cocci ear infections clinical notes
Pain elicited on extension of bilateral hips and palpation of lumbar spine.,Mobility Problems,Clinical Notes,pain elicited on extension of bilateral hips and palpation of lumbar spine mobility problems clinical notes
My dog has osteosarcoma requiring amputation.,Mobility Problems,Owner Observation,my dog has osteosarcoma requiring amputation mobility problems owner observation
Dog has developed calluses on his elbows that are now cracking.,Skin Irritations,Owner Observation,dog has developed calluses on his elbows that are now cracking skin irritations owner observation
Consider ventral bulla osteotomy (VBO) for isolated middle ear condition or polyp removal.,Ear Infections,Clinical Notes,consider ventral bulla osteotomy vbo for isolated middle ear condition or polyp removal ear infections clinical notes
Positive cranial drawer sign in right stifle; consistent with cranial cruciate ligament (CCL) rupture.,Mobility Problems,Clinical Notes,positive cranial drawer sign in right stifle consistent with cranial cruciate ligament ccl rupture mobility problems clinical notes
Cat vomited a large hairball this morning.,Digestive Issues,Owner Observation,cat vomited a large hairball this morning digestive issues owner observation
My rabbit has fur mites (Cheyletiella).,Parasites,Owner Observation,my rabbit has fur mites cheyletiella parasites owner observation
Pain medication (buprenorphine) administered for abdominal discomfort.,Digestive Issues,Clinical Notes,pain medication buprenorphine administered for abdominal discomfort digestive issues clinical notes
"Counsel owner on potential side effects of NSAIDs (GI upset, kidney/liver issues) and other analgesics.",Mobility Problems,Clinical Notes,counsel owner on potential side effects of nsaids gi upset kidneyliver issues and other analgesics mobility problems clinical notes
My ferret's skin looks yellowish and he's losing fur.,Skin Irritations,Owner Observation,my ferrets skin looks yellowish and hes losing fur skin irritations owner observation
"My puppy has dark specks in his ears, vet suspected mites.",Ear Infections,Owner Observation,my puppy has dark specks in his ears vet suspected mites ear infections owner observation
"Regurgitation reported (passive expulsion of undigested food); suspect esophageal motility disorder or obstruction (e.g., megaesophagus, stricture). Barium swallow study considered.",Digestive Issues,Clinical Notes,regurgitation reported passive expulsion of undigested food suspect esophageal motility disorder or obstruction eg megaesophagus stricture barium swallow study considered digestive issues clinical notes
"Hamster is scratching incessantly, causing small wounds.",Skin Irritations,Owner Observation,hamster is scratching incessantly causing small wounds skin irritations owner observation
Biceps tendon test positive.,Mobility Problems,Clinical Notes,biceps tendon test positive mobility problems clinical notes
Ear swab cytology confirms presence of mite fragments and secondary Malassezia infection.,Parasites,Clinical Notes,ear swab cytology confirms presence of mite fragments and secondary malassezia infection parasites clinical notes
Dog has a ruptured eardrum from a chronic infection.,Ear Infections,Owner Observation,dog has a ruptured eardrum from a chronic infection ear infections owner observation
Continue Demodex treatment until two consecutive negative skin scrapes one month apart.,Parasites,Clinical Notes,continue demodex treatment until two consecutive negative skin scrapes one month apart parasites clinical notes
Wobbler syndrome (cervical spondylomyelopathy) suspected in large breed dog with neck pain and gait abnormalities.,Mobility Problems,Clinical Notes,wobbler syndrome cervical spondylomyelopathy suspected in large breed dog with neck pain and gait abnormalities mobility problems clinical notes
My cat tries to vomit frequently but only retches.,Digestive Issues,Owner Observation,my cat tries to vomit frequently but only retches digestive issues owner observation
Discuss prognosis for diagnosed condition.,Skin Irritations,Clinical Notes,discuss prognosis for diagnosed condition skin irritations clinical notes
"Cat has visibly swollen joints, especially her wrists (carpi).",Mobility Problems,Owner Observation,cat has visibly swollen joints especially her wrists carpi mobility problems owner observation
"Polymyositis suspected; check CK levels, consider muscle biopsy.",Mobility Problems,Clinical Notes,polymyositis suspected check ck levels consider muscle biopsy mobility problems clinical notes
"Rule out non-musculoskeletal causes of reluctance to move (e.g., systemic illness, abdominal pain).",Mobility Problems,Clinical Notes,rule out nonmusculoskeletal causes of reluctance to move eg systemic illness abdominal pain mobility problems clinical notes
My cat is holding her head tilted to one side.,Ear Infections,Owner Observation,my cat is holding her head tilted to one side ear infections owner observation
Suspect vitamin C deficiency (scurvy) in guinea pig with lameness/reluctance to move; supplement vitamin C.,Mobility Problems,Clinical Notes,suspect vitamin c deficiency scurvy in guinea pig with lamenessreluctance to move supplement vitamin c mobility problems clinical notes
Cat looks carefully before jumping down from even low heights.,Mobility Problems,Owner Observation,cat looks carefully before jumping down from even low heights mobility problems owner observation
My hamster’s stools are watery and frequent.,Digestive Issues,Owner Observation,my hamster’s stools are watery and frequent digestive issues owner observation
My puppy eats constantly but is skinny and has soft poop.,Digestive Issues,Owner Observation,my puppy eats constantly but is skinny and has soft poop digestive issues owner observation
"Post-operative monitoring includes checking incision, pain assessment, monitoring for return of GI motility.",Digestive Issues,Clinical Notes,postoperative monitoring includes checking incision pain assessment monitoring for return of gi motility digestive issues clinical notes
Rabbit has ear mites causing thick crusts.,Ear Infections,Owner Observation,rabbit has ear mites causing thick crusts ear infections owner observation
My dog's thigh muscles look smaller than they used to.,Mobility Problems,Owner Observation,my dogs thigh muscles look smaller than they used to mobility problems owner observation
"Dog has diarrhea that smells metallic, like blood.",Digestive Issues,Owner Observation,dog has diarrhea that smells metallic like blood digestive issues owner observation
"My cat used to love chasing laser pointers, now she just watches.",Mobility Problems,Owner Observation,my cat used to love chasing laser pointers now she just watches mobility problems owner observation
Dog is licking obsessively at a spot between his shoulder blades.,Skin Irritations,Owner Observation,dog is licking obsessively at a spot between his shoulder blades skin irritations owner observation
Treat tapeworms with praziquantel or epsiprantel.,Parasites,Clinical Notes,treat tapeworms with praziquantel or epsiprantel parasites clinical notes
My dog whimpers when he tries to jump onto the bed.,Mobility Problems,Owner Observation,my dog whimpers when he tries to jump onto the bed mobility problems owner observation
Dog's ear canal bleeds easily when cleaned.,Ear Infections,Owner Observation,dogs ear canal bleeds easily when cleaned ear infections owner observation
"Educate owner on recognizing signs of dehydration (lethargy, sunken eyes, tacky gums).",Digestive Issues,Clinical Notes,educate owner on recognizing signs of dehydration lethargy sunken eyes tacky gums digestive issues clinical notes
Rabbit has flaky skin on the outside of its ear flaps.,Skin Irritations,Owner Observation,rabbit has flaky skin on the outside of its ear flaps skin irritations owner observation
Exfoliative cytology performed on skin lesion.,Skin Irritations,Clinical Notes,exfoliative cytology performed on skin lesion skin irritations clinical notes
Found a tick embedded in my cat's skin after she was outside.,Parasites,Owner Observation,found a tick embedded in my cats skin after she was outside parasites owner observation
"Comedones present on chin (feline acne); advise topical cleansing, possible antibiotics if secondary infection.",Skin Irritations,Clinical Notes,comedones present on chin feline acne advise topical cleansing possible antibiotics if secondary infection skin irritations clinical notes
Cat has hair loss around the eyes and ears.,Parasites,Owner Observation,cat has hair loss around the eyes and ears parasites owner observation
"Localized demodectic mange in young dog; monitor, may resolve spontaneously.",Skin Irritations,Clinical Notes,localized demodectic mange in young dog monitor may resolve spontaneously skin irritations clinical notes
Perineal hernia noted; contributes to tenesmus and constipation. Surgical repair advised.,Digestive Issues,Clinical Notes,perineal hernia noted contributes to tenesmus and constipation surgical repair advised digestive issues clinical notes
Consider nasopharyngeal polyp in young cats with upper respiratory or ear signs.,Ear Infections,Clinical Notes,consider nasopharyngeal polyp in young cats with upper respiratory or ear signs ear infections clinical notes
Rule out concurrent infections or immunosuppressive conditions in animals with heavy parasite loads.,Parasites,Clinical Notes,rule out concurrent infections or immunosuppressive conditions in animals with heavy parasite loads parasites clinical notes
"My dog has developed red, itchy patches on his belly and inner thighs.",Skin Irritations,Owner Observation,my dog has developed red itchy patches on his belly and inner thighs skin irritations owner observation
Recommend rehabilitation therapy including hydrotherapy and therapeutic exercises.,Mobility Problems,Clinical Notes,recommend rehabilitation therapy including hydrotherapy and therapeutic exercises mobility problems clinical notes
My rabbit is scratching its dewlap constantly.,Skin Irritations,Owner Observation,my rabbit is scratching its dewlap constantly skin irritations owner observation
"Rabbit is moving very little, seems painful.",Ear Infections,Owner Observation,rabbit is moving very little seems painful ear infections owner observation
Cat's chin has blackheads and some pimple-like sores (chin acne).,Skin Irritations,Owner Observation,cats chin has blackheads and some pimplelike sores chin acne skin irritations owner observation
Campylobacter infection diagnosed via fecal culture.,Digestive Issues,Clinical Notes,campylobacter infection diagnosed via fecal culture digestive issues clinical notes
My dog developed a head tilt and seems dizzy.,Mobility Problems,Owner Observation,my dog developed a head tilt and seems dizzy mobility problems owner observation
My cat vomited a plant leaf.,Digestive Issues,Owner Observation,my cat vomited a plant leaf digestive issues owner observation
Cat got diarrhea after drinking milk.,Digestive Issues,Owner Observation,cat got diarrhea after drinking milk digestive issues owner observation
"Discuss zoonotic potential of certain GI parasites (Giardia, Toxoplasma).",Digestive Issues,Clinical Notes,discuss zoonotic potential of certain gi parasites giardia toxoplasma digestive issues clinical notes
My ferret shakes his head after I clean his ears.,Ear Infections,Owner Observation,my ferret shakes his head after i clean his ears ear infections owner observation
"Monitor for neurological side effects with high-dose ivermectin protocols, especially in susceptible breeds.",Parasites,Clinical Notes,monitor for neurological side effects with highdose ivermectin protocols especially in susceptible breeds parasites clinical notes
My rabbit has maggots near its tail (flystrike).,Parasites,Owner Observation,my rabbit has maggots near its tail flystrike parasites owner observation
Hamster has wetness and irritation around its tail (wet tail).,Skin Irritations,Owner Observation,hamster has wetness and irritation around its tail wet tail skin irritations owner observation
My dog's poop is covered in slimy mucus.,Digestive Issues,Owner Observation,my dogs poop is covered in slimy mucus digestive issues owner observation
Consider referral to veterinary dermatologist for refractory cases.,Skin Irritations,Clinical Notes,consider referral to veterinary dermatologist for refractory cases skin irritations clinical notes
Puppy has roundworms and hookworms.,Parasites,Owner Observation,puppy has roundworms and hookworms parasites owner observation
"Guinea pig has very rough, coarse fur and seems itchy.",Skin Irritations,Owner Observation,guinea pig has very rough coarse fur and seems itchy skin irritations owner observation
My rabbit has swelling around the ear base.,Ear Infections,Owner Observation,my rabbit has swelling around the ear base ear infections owner observation
I found a live flea crawling on my arm after holding the cat.,Parasites,Owner Observation,i found a live flea crawling on my arm after holding the cat parasites owner observation
Dog is anemic due to a heavy hookworm burden.,Parasites,Owner Observation,dog is anemic due to a heavy hookworm burden parasites owner observation
Rabbit has ear mites causing inflammation and head tilt.,Parasites,Owner Observation,rabbit has ear mites causing inflammation and head tilt parasites owner observation
"Cat has a swollen area on her face, like an abscess.",Skin Irritations,Owner Observation,cat has a swollen area on her face like an abscess skin irritations owner observation
My cat has fleas and tapeworms.,Parasites,Owner Observation,my cat has fleas and tapeworms parasites owner observation
My cat has a droopy eyelid and unequal pupil size on the side with the bad ear.,Ear Infections,Owner Observation,my cat has a droopy eyelid and unequal pupil size on the side with the bad ear ear infections owner observation
Ear mites in canal; clean and apply selamectin.,Parasites,Clinical Notes,ear mites in canal clean and apply selamectin parasites clinical notes
"Lameness exam reveals moderate weight-bearing lameness, left forelimb (Grade 3/5).",Mobility Problems,Clinical Notes,lameness exam reveals moderate weightbearing lameness left forelimb grade mobility problems clinical notes
"Guinea pig has white, powdery stuff in its fur.",Parasites,Owner Observation,guinea pig has white powdery stuff in its fur parasites owner observation
Rabbit is reluctant to be picked up.,Mobility Problems,Owner Observation,rabbit is reluctant to be picked up mobility problems owner observation
Vasculitis causing necrosis of ear tip; investigate underlying infectious/immune-mediated cause.,Skin Irritations,Clinical Notes,vasculitis causing necrosis of ear tip investigate underlying infectiousimmunemediated cause skin irritations clinical notes
Schedule recheck in 14 days. Instruct owner to monitor for improvement/worsening of signs.,Ear Infections,Clinical Notes,schedule recheck in days instruct owner to monitor for improvementworsening of signs ear infections clinical notes
My dog has mucus covering his stool.,Digestive Issues,Owner Observation,my dog has mucus covering his stool digestive issues owner observation
"Kitten has crusty discharge around its eyes and nose, along with skin sores.",Skin Irritations,Owner Observation,kitten has crusty discharge around its eyes and nose along with skin sores skin irritations owner observation
"My dog has environmental allergies (pollens, dust mites) causing ear issues.",Ear Infections,Owner Observation,my dog has environmental allergies pollens dust mites causing ear issues ear infections owner observation
"Abdomen tense and painful on palpation, particularly cranial abdomen. Rule out pancreatitis.",Digestive Issues,Clinical Notes,abdomen tense and painful on palpation particularly cranial abdomen rule out pancreatitis digestive issues clinical notes
"Schedule recheck appointments for heartworm treatment monitoring (antigen tests, radiographs).",Parasites,Clinical Notes,schedule recheck appointments for heartworm treatment monitoring antigen tests radiographs parasites clinical notes
Caudal hip luxation identified; attempt closed reduction under anesthesia.,Mobility Problems,Clinical Notes,caudal hip luxation identified attempt closed reduction under anesthesia mobility problems clinical notes
Prescribe meclizine for symptomatic relief of nausea associated with vestibular condition.,Ear Infections,Clinical Notes,prescribe meclizine for symptomatic relief of nausea associated with vestibular condition ear infections clinical notes
Advise steam cleaning or dilute bleach solution for environmental Coccidia control.,Parasites,Clinical Notes,advise steam cleaning or dilute bleach solution for environmental coccidia control parasites clinical notes
"My dog's elbows are calloused, dark, and sometimes cracked.",Skin Irritations,Owner Observation,my dogs elbows are calloused dark and sometimes cracked skin irritations owner observation
"Otoscopy reveals copious dark brown, granular debris bilaterally. Microscopic exam confirms Otodectes cynotis mites.",Parasites,Clinical Notes,otoscopy reveals copious dark brown granular debris bilaterally microscopic exam confirms otodectes cynotis mites parasites clinical notes
My cat seems to gag or cough after eating.,Digestive Issues,Owner Observation,my cat seems to gag or cough after eating digestive issues owner observation
My cat threw up clear liquid this morning and seems quiet.,Digestive Issues,Owner Observation,my cat threw up clear liquid this morning and seems quiet digestive issues owner observation
My dog is excessively gassy and burping.,Digestive Issues,Owner Observation,my dog is excessively gassy and burping digestive issues owner observation
My dog has elbow dysplasia causing forelimb lameness.,Mobility Problems,Owner Observation,my dog has elbow dysplasia causing forelimb lameness mobility problems owner observation
Guinea pig is losing weight rapidly and has diarrhea.,Digestive Issues,Owner Observation,guinea pig is losing weight rapidly and has diarrhea digestive issues owner observation
"My cat has lungworm, diagnosed after chronic coughing.",Parasites,Owner Observation,my cat has lungworm diagnosed after chronic coughing parasites owner observation
Gastric dilatation-volvulus (GDV) suspected; immediate stabilization and surgery required.,Digestive Issues,Clinical Notes,gastric dilatationvolvulus gdv suspected immediate stabilization and surgery required digestive issues clinical notes
Rabbit has hair loss and crusting around the base of the affected ear.,Ear Infections,Owner Observation,rabbit has hair loss and crusting around the base of the affected ear ear infections owner observation
My dog's ear flap swelled up suddenly like a water balloon.,Ear Infections,Owner Observation,my dogs ear flap swelled up suddenly like a water balloon ear infections owner observation
My rabbit is losing fur in clumps when I pet it.,Skin Irritations,Owner Observation,my rabbit is losing fur in clumps when i pet it skin irritations owner observation
Cat has bad gas and occasional vomiting.,Digestive Issues,Owner Observation,cat has bad gas and occasional vomiting digestive issues owner observation
Post-clipping alopecia noted; reassure owner hair regrowth may be slow.,Skin Irritations,Clinical Notes,postclipping alopecia noted reassure owner hair regrowth may be slow skin irritations clinical notes
Disseminated histoplasmosis can cause chronic large bowel diarrhea and weight loss; check urine antigen test.,Digestive Issues,Clinical Notes,disseminated histoplasmosis can cause chronic large bowel diarrhea and weight loss check urine antigen test digestive issues clinical notes
Flush ears gently under sedation due to pain and debris.,Ear Infections,Clinical Notes,flush ears gently under sedation due to pain and debris ear infections clinical notes
Cat seems less interested in playing with toys.,Mobility Problems,Owner Observation,cat seems less interested in playing with toys mobility problems owner observation
Megacolon diagnosed radiographically in feline patient.,Digestive Issues,Clinical Notes,megacolon diagnosed radiographically in feline patient digestive issues clinical notes
Assess response to antibiotic therapy in 2 weeks.,Skin Irritations,Clinical Notes,assess response to antibiotic therapy in weeks skin irritations clinical notes
"Record cytology findings (yeast, bacteria types, inflammatory cells).",Ear Infections,Clinical Notes,record cytology findings yeast bacteria types inflammatory cells ear infections clinical notes
"Rabbit has white, crusty deposits in its ears.",Skin Irritations,Owner Observation,rabbit has white crusty deposits in its ears skin irritations owner observation
My dog has developed a lump that seems attached to the skin.,Skin Irritations,Owner Observation,my dog has developed a lump that seems attached to the skin skin irritations owner observation
"Rabbit seems to have lost its balance, stumbling.",Ear Infections,Owner Observation,rabbit seems to have lost its balance stumbling ear infections owner observation
"Constipated feline; administer Miralax/lactulose and recommend increasing water intake (wet food, fountain).",Digestive Issues,Clinical Notes,constipated feline administer miralaxlactulose and recommend increasing water intake wet food fountain digestive issues clinical notes
Positive Ortolani sign confirms hip laxity in juvenile patient.,Mobility Problems,Clinical Notes,positive ortolani sign confirms hip laxity in juvenile patient mobility problems clinical notes
My dog holds up his back leg occasionally when walking ('skipping').,Mobility Problems,Owner Observation,my dog holds up his back leg occasionally when walking skipping mobility problems owner observation
Rabbit has lost fur on its nose from rubbing cage bars.,Skin Irritations,Owner Observation,rabbit has lost fur on its nose from rubbing cage bars skin irritations owner observation
My dog seems to have lost coordination in his hind limbs.,Mobility Problems,Owner Observation,my dog seems to have lost coordination in his hind limbs mobility problems owner observation
"Dog ate chocolate, now vomiting and hyperactive.",Digestive Issues,Owner Observation,dog ate chocolate now vomiting and hyperactive digestive issues owner observation
Ferret is rubbing its body against furniture frequently.,Skin Irritations,Owner Observation,ferret is rubbing its body against furniture frequently skin irritations owner observation
Pruritus and erythema on belly; test for atopy.,Skin Irritations,Clinical Notes,pruritus and erythema on belly test for atopy skin irritations clinical notes
My dog might have gotten water in his ear during his bath.,Ear Infections,Owner Observation,my dog might have gotten water in his ear during his bath ear infections owner observation
"Provide supportive care (iron supplementation, blood transfusion if necessary) for severe parasite-induced anemia.",Parasites,Clinical Notes,provide supportive care iron supplementation blood transfusion if necessary for severe parasiteinduced anemia parasites clinical notes
Fecal examination positive for Cystoisospora spp. oocysts (Coccidia).,Parasites,Clinical Notes,fecal examination positive for cystoisospora spp oocysts coccidia parasites clinical notes
Found multiple ticks on my dog after a walk in the woods.,Parasites,Owner Observation,found multiple ticks on my dog after a walk in the woods parasites owner observation
Canine 4Dx Plus SNAP test positive for Anaplasma phagocytophilum antibodies.,Parasites,Clinical Notes,canine dx plus snap test positive for anaplasma phagocytophilum antibodies parasites clinical notes
There's a foul odor coming from my cat's ears.,Ear Infections,Owner Observation,theres a foul odor coming from my cats ears ear infections owner observation
Localized demodicosis in young dog often resolves without treatment; monitor.,Parasites,Clinical Notes,localized demodicosis in young dog often resolves without treatment monitor parasites clinical notes
Puppy is being treated for Sarcoptic mange (scabies).,Parasites,Owner Observation,puppy is being treated for sarcoptic mange scabies parasites owner observation
Perform skin biopsy if mites suspected but scrapes are negative.,Parasites,Clinical Notes,perform skin biopsy if mites suspected but scrapes are negative parasites clinical notes
Rabbit has stopped grooming itself and looks unkempt.,Digestive Issues,Owner Observation,rabbit has stopped grooming itself and looks unkempt digestive issues owner observation
"Cat's ears are very itchy and painful, she cries when I touch them.",Parasites,Owner Observation,cats ears are very itchy and painful she cries when i touch them parasites owner observation
Cat has a soft tissue injury (sprain/strain).,Mobility Problems,Owner Observation,cat has a soft tissue injury sprainstrain mobility problems owner observation
"Prescribe broad-spectrum dewormer (e.g., fenbendazole, pyrantel/praziquantel combo) based on fecal results.",Parasites,Clinical Notes,prescribe broadspectrum dewormer eg fenbendazole pyrantelpraziquantel combo based on fecal results parasites clinical notes
Rectal stricture identified on digital exam.,Digestive Issues,Clinical Notes,rectal stricture identified on digital exam digestive issues clinical notes
Constipation noted; administer enema and start lactulose.,Digestive Issues,Clinical Notes,constipation noted administer enema and start lactulose digestive issues clinical notes
The dog keeps licking one spot on his front leg until it's raw.,Skin Irritations,Owner Observation,the dog keeps licking one spot on his front leg until its raw skin irritations owner observation
Cat walks very slowly and cautiously.,Mobility Problems,Owner Observation,cat walks very slowly and cautiously mobility problems owner observation
"My cat has Toxoplasma, I'm pregnant and concerned.",Parasites,Owner Observation,my cat has toxoplasma im pregnant and concerned parasites owner observation
"Supportive care (fluids, nutritional support) for severely debilitated animals.",Parasites,Clinical Notes,supportive care fluids nutritional support for severely debilitated animals parasites clinical notes
My puppy has dandruff only a few days after a bath.,Skin Irritations,Owner Observation,my puppy has dandruff only a few days after a bath skin irritations owner observation
My cat tested positive for Giardia after having diarrhea.,Parasites,Owner Observation,my cat tested positive for giardia after having diarrhea parasites owner observation
My dog's paw pads are cracked and bleeding.,Skin Irritations,Owner Observation,my dogs paw pads are cracked and bleeding skin irritations owner observation
Cervical spondylomyelopathy (Wobbler syndrome) suspected; MRI needed for definitive diagnosis and surgical planning.,Mobility Problems,Clinical Notes,cervical spondylomyelopathy wobbler syndrome suspected mri needed for definitive diagnosis and surgical planning mobility problems clinical notes
"My puppy seems to have a sensitive stomach, gets diarrhea easily.",Digestive Issues,Owner Observation,my puppy seems to have a sensitive stomach gets diarrhea easily digestive issues owner observation
"Mild weight-bearing lameness RF (Grade 2/5), worse after rest.",Mobility Problems,Clinical Notes,mild weightbearing lameness rf grade worse after rest mobility problems clinical notes
My cat's ear infection is resistant to multiple antibiotics.,Ear Infections,Owner Observation,my cats ear infection is resistant to multiple antibiotics ear infections owner observation
Cheyletiella mites ('walking dandruff') identified on surface tape prep.,Skin Irritations,Clinical Notes,cheyletiella mites walking dandruff identified on surface tape prep skin irritations clinical notes
Cat developed sudden loss of balance and circling.,Ear Infections,Owner Observation,cat developed sudden loss of balance and circling ear infections owner observation
Trial of amantadine added to NSAID/gabapentin for refractory OA pain (NMDA receptor antagonist).,Mobility Problems,Clinical Notes,trial of amantadine added to nsaidgabapentin for refractory oa pain nmda receptor antagonist mobility problems clinical notes
Administer Capstar (nitenpyram) for rapid flea kill.,Parasites,Clinical Notes,administer capstar nitenpyram for rapid flea kill parasites clinical notes
"My dog has scabies, and now I'm itchy too!",Parasites,Owner Observation,my dog has scabies and now im itchy too parasites owner observation
"Dog ate grapes off the counter, now vomiting.",Digestive Issues,Owner Observation,dog ate grapes off the counter now vomiting digestive issues owner observation
"Dog has oily, smelly skin, especially along the back.",Skin Irritations,Owner Observation,dog has oily smelly skin especially along the back skin irritations owner observation
Check FeLV/FIV status in cats with demodicosis.,Parasites,Clinical Notes,check felvfiv status in cats with demodicosis parasites clinical notes
Continue treatment for 7 days past clinical resolution.,Ear Infections,Clinical Notes,continue treatment for days past clinical resolution ear infections clinical notes
My dog's ear infections are a chronic problem requiring ongoing care.,Ear Infections,Owner Observation,my dogs ear infections are a chronic problem requiring ongoing care ear infections owner observation
Proglottids consistent with Dipylidium caninum identified on perineal fur. Recommend concurrent flea treatment.,Parasites,Clinical Notes,proglottids consistent with dipylidium caninum identified on perineal fur recommend concurrent flea treatment parasites clinical notes
Cat's ear canal looks very narrow.,Ear Infections,Owner Observation,cats ear canal looks very narrow ear infections owner observation
Discuss Adequan (polysulfated glycosaminoglycan) injections for OA management.,Mobility Problems,Clinical Notes,discuss adequan polysulfated glycosaminoglycan injections for oa management mobility problems clinical notes
My dog contracted Babesia from a tick.,Parasites,Owner Observation,my dog contracted babesia from a tick parasites owner observation
Rabbit has E. cuniculi infection causing neurological/mobility issues.,Mobility Problems,Owner Observation,rabbit has e cuniculi infection causing neurologicalmobility issues mobility problems owner observation
Recheck scheduled in 2-3 weeks to assess response to therapy.,Skin Irritations,Clinical Notes,recheck scheduled in weeks to assess response to therapy skin irritations clinical notes
Administer gabapentin or amantadine for neuropathic pain/chronic OA pain.,Mobility Problems,Clinical Notes,administer gabapentin or amantadine for neuropathic painchronic oa pain mobility problems clinical notes
"My dog suddenly couldn't stand up this morning, crying in pain.",Mobility Problems,Owner Observation,my dog suddenly couldnt stand up this morning crying in pain mobility problems owner observation
Schedule follow-up appointment or phone call.,Digestive Issues,Clinical Notes,schedule followup appointment or phone call digestive issues clinical notes
Rule out parasites as a cause of chronic GI or skin condition.,Parasites,Clinical Notes,rule out parasites as a cause of chronic gi or skin condition parasites clinical notes
Administer praziquantel for tapeworm treatment.,Parasites,Clinical Notes,administer praziquantel for tapeworm treatment parasites clinical notes
Cat reacted painfully when the vet extended her hind legs.,Mobility Problems,Owner Observation,cat reacted painfully when the vet extended her hind legs mobility problems owner observation
Allergic shiners (darkening around eyes) noted in atopic dog.,Skin Irritations,Clinical Notes,allergic shiners darkening around eyes noted in atopic dog skin irritations clinical notes
"Systemic antifungals (e.g., ketoconazole, itraconazole) may be needed for resistant Malassezia.",Ear Infections,Clinical Notes,systemic antifungals eg ketoconazole itraconazole may be needed for resistant malassezia ear infections clinical notes
"My cat only poops every 3-4 days, and the stool is very hard.",Digestive Issues,Owner Observation,my cat only poops every days and the stool is very hard digestive issues owner observation
"Treat ear mites with topical acaricide (e.g., selamectin, moxidectin). Clean ears prior to treatment.",Parasites,Clinical Notes,treat ear mites with topical acaricide eg selamectin moxidectin clean ears prior to treatment parasites clinical notes
Suspect supraspinatus tendinopathy; diagnostic musculoskeletal ultrasound recommended.,Mobility Problems,Clinical Notes,suspect supraspinatus tendinopathy diagnostic musculoskeletal ultrasound recommended mobility problems clinical notes
Culture results: Pseudomonas aeruginosa resistant to multiple antibiotics; consult sensitivity report.,Skin Irritations,Clinical Notes,culture results pseudomonas aeruginosa resistant to multiple antibiotics consult sensitivity report skin irritations clinical notes
Guinea pig has flaky skin around its eyes.,Skin Irritations,Owner Observation,guinea pig has flaky skin around its eyes skin irritations owner observation
Vasculitis causing ear tip necrosis; investigate underlying cause.,Skin Irritations,Clinical Notes,vasculitis causing ear tip necrosis investigate underlying cause skin irritations clinical notes
Schedule recheck based on severity and treatment plan.,Ear Infections,Clinical Notes,schedule recheck based on severity and treatment plan ear infections clinical notes
Post-operative care instructions provided for aural hematoma repair.,Ear Infections,Clinical Notes,postoperative care instructions provided for aural hematoma repair ear infections clinical notes
My budgie has crusty growths around its beak and legs.,Parasites,Owner Observation,my budgie has crusty growths around its beak and legs parasites owner observation
My cat has developed small scabs scattered throughout her coat.,Skin Irritations,Owner Observation,my cat has developed small scabs scattered throughout her coat skin irritations owner observation
Eosinophilic plaque identified on feline abdomen; consider allergy vs. parasitic cause. Cytology performed.,Skin Irritations,Clinical Notes,eosinophilic plaque identified on feline abdomen consider allergy vs parasitic cause cytology performed skin irritations clinical notes
"Cat's claws seem overgrown, maybe not scratching post due to pain.",Mobility Problems,Owner Observation,cats claws seem overgrown maybe not scratching post due to pain mobility problems owner observation
My rabbit stopped eating hay and seems lethargic.,Digestive Issues,Owner Observation,my rabbit stopped eating hay and seems lethargic digestive issues owner observation
Vertical ear canal ablation (VECA) performed.,Ear Infections,Clinical Notes,vertical ear canal ablation veca performed ear infections clinical notes
Cat developed arthritis in her elbow after an old fracture.,Mobility Problems,Owner Observation,cat developed arthritis in her elbow after an old fracture mobility problems owner observation
Perform ACTH stimulation test to rule out Addison's.,Digestive Issues,Clinical Notes,perform acth stimulation test to rule out addisons digestive issues clinical notes
"Wet tail (proliferative ileitis) in hamster; guarded prognosis. Initiate supportive care (fluids, antibiotics, heat).",Digestive Issues,Clinical Notes,wet tail proliferative ileitis in hamster guarded prognosis initiate supportive care fluids antibiotics heat digestive issues clinical notes
Seborrheic patches on belly; antifungal treatment started.,Skin Irritations,Clinical Notes,seborrheic patches on belly antifungal treatment started skin irritations clinical notes
"Dog's limp is barely noticeable after warming up, but bad when first rising.",Mobility Problems,Owner Observation,dogs limp is barely noticeable after warming up but bad when first rising mobility problems owner observation
Lameness with pain; rule out bone tumor.,Mobility Problems,Clinical Notes,lameness with pain rule out bone tumor mobility problems clinical notes
Dog is licking the air and swallowing repeatedly.,Digestive Issues,Owner Observation,dog is licking the air and swallowing repeatedly digestive issues owner observation
Acetate tape preparation reveals Cheyletiella spp. mites ('walking dandruff').,Parasites,Clinical Notes,acetate tape preparation reveals cheyletiella spp mites walking dandruff parasites clinical notes
Ferret is vomiting undigested food shortly after eating.,Digestive Issues,Owner Observation,ferret is vomiting undigested food shortly after eating digestive issues owner observation
Cat cries out when I pick her up around her hips.,Mobility Problems,Owner Observation,cat cries out when i pick her up around her hips mobility problems owner observation
"If FAD suspected, ensure effective flea control product is being used correctly.",Skin Irritations,Clinical Notes,if fad suspected ensure effective flea control product is being used correctly skin irritations clinical notes
Nasopharyngeal polyp visualized extending into external ear canal in young cat.,Ear Infections,Clinical Notes,nasopharyngeal polyp visualized extending into external ear canal in young cat ear infections clinical notes
My ferret shakes its head after cleaning.,Ear Infections,Owner Observation,my ferret shakes its head after cleaning ear infections owner observation
Puppy has moisture in his ears after playing in water.,Ear Infections,Owner Observation,puppy has moisture in his ears after playing in water ear infections owner observation
Lichenification and hyperpigmentation in axillary regions; chronic allergic skin condition likely.,Skin Irritations,Clinical Notes,lichenification and hyperpigmentation in axillary regions chronic allergic skin condition likely skin irritations clinical notes
Ear infection with swelling; start combo drops.,Ear Infections,Clinical Notes,ear infection with swelling start combo drops ear infections clinical notes
My dog has osteosarcoma (bone cancer).,Mobility Problems,Owner Observation,my dog has osteosarcoma bone cancer mobility problems owner observation
"Hygroma noted on elbow; advise padded bedding, monitor for infection.",Skin Irritations,Clinical Notes,hygroma noted on elbow advise padded bedding monitor for infection skin irritations clinical notes
"Document degree of stenosis, erythema, ulceration, and nature of discharge.",Ear Infections,Clinical Notes,document degree of stenosis erythema ulceration and nature of discharge ear infections clinical notes
The skin inside my dog's ears looks red and inflamed.,Ear Infections,Owner Observation,the skin inside my dogs ears looks red and inflamed ear infections owner observation
Ferret suddenly became paralyzed in the back legs.,Mobility Problems,Owner Observation,ferret suddenly became paralyzed in the back legs mobility problems owner observation
Dog is retching forcefully but producing nothing.,Digestive Issues,Owner Observation,dog is retching forcefully but producing nothing digestive issues owner observation
Rabbit is scratching the base of its ears.,Ear Infections,Owner Observation,rabbit is scratching the base of its ears ear infections owner observation
Rabbit is dragging one of its back legs.,Mobility Problems,Owner Observation,rabbit is dragging one of its back legs mobility problems owner observation
Dog has developed resistance to several types of ear drops.,Ear Infections,Owner Observation,dog has developed resistance to several types of ear drops ear infections owner observation
"Superficial pyoderma characterized by papules, pustules, and epidermal collarettes on ventral abdomen.",Skin Irritations,Clinical Notes,superficial pyoderma characterized by papules pustules and epidermal collarettes on ventral abdomen skin irritations clinical notes
Fecal transplant considered for refractory Clostridium difficile.,Digestive Issues,Clinical Notes,fecal transplant considered for refractory clostridium difficile digestive issues clinical notes
"Discuss underlying causes (allergies, conformation, moisture) and long-term management.",Ear Infections,Clinical Notes,discuss underlying causes allergies conformation moisture and longterm management ear infections clinical notes
Puppy walks with a 'bunny hop' gait.,Mobility Problems,Owner Observation,puppy walks with a bunny hop gait mobility problems owner observation
My guinea pig is losing hair symmetrically on both sides.,Skin Irritations,Owner Observation,my guinea pig is losing hair symmetrically on both sides skin irritations owner observation
"E. cuniculi suspected in rabbit with head tilt, ataxia, or hind limb paresis; treat with fenbendazole.",Mobility Problems,Clinical Notes,e cuniculi suspected in rabbit with head tilt ataxia or hind limb paresis treat with fenbendazole mobility problems clinical notes
Consider trial of pro-motility agent (metoclopramide or cisapride) for suspected gastric hypomotility.,Digestive Issues,Clinical Notes,consider trial of promotility agent metoclopramide or cisapride for suspected gastric hypomotility digestive issues clinical notes
Schedule recheck appointment in 1-2 weeks to assess initial response to pain medication.,Mobility Problems,Clinical Notes,schedule recheck appointment in weeks to assess initial response to pain medication mobility problems clinical notes
Immune-mediated polyarthritis suspected based on multiple joint effusions and fever.,Mobility Problems,Clinical Notes,immunemediated polyarthritis suspected based on multiple joint effusions and fever mobility problems clinical notes
Recommend weight loss program; current BCS 7/9. Target BCS 5/9.,Mobility Problems,Clinical Notes,recommend weight loss program current bcs target bcs mobility problems clinical notes
Check for concurrent infections in immunocompromised animals.,Parasites,Clinical Notes,check for concurrent infections in immunocompromised animals parasites clinical notes
"Supportive care for pancreatitis: IV fluids, pain management (buprenorphine), anti-emetics, NPO initially.",Digestive Issues,Clinical Notes,supportive care for pancreatitis iv fluids pain management buprenorphine antiemetics npo initially digestive issues clinical notes
"Rule out systemic illness (e.g., fever, infection, metabolic condition) causing generalized weakness or lethargy.",Mobility Problems,Clinical Notes,rule out systemic illness eg fever infection metabolic condition causing generalized weakness or lethargy mobility problems clinical notes
Video demonstration of ear cleaning provided to owner.,Ear Infections,Clinical Notes,video demonstration of ear cleaning provided to owner ear infections clinical notes
Ferret is shaking its head due to ear mite irritation.,Parasites,Owner Observation,ferret is shaking its head due to ear mite irritation parasites owner observation
Discuss risk of parasite exchange between different pet species in the household.,Parasites,Clinical Notes,discuss risk of parasite exchange between different pet species in the household parasites clinical notes
Provide estimate for diagnostic workup and treatment.,Skin Irritations,Clinical Notes,provide estimate for diagnostic workup and treatment skin irritations clinical notes
"Dog has developed moist, red patches under his collar.",Skin Irritations,Owner Observation,dog has developed moist red patches under his collar skin irritations owner observation
My rabbit has developed a large abscess under its chin.,Skin Irritations,Owner Observation,my rabbit has developed a large abscess under its chin skin irritations owner observation
My rabbit has discharge from its eye on the same side as the droopy ear.,Ear Infections,Owner Observation,my rabbit has discharge from its eye on the same side as the droopy ear ear infections owner observation
"My cat brings food back up almost immediately after eating, looks undigested.",Digestive Issues,Owner Observation,my cat brings food back up almost immediately after eating looks undigested digestive issues owner observation
My guinea pig has sores on the bottoms of its feet.,Skin Irritations,Owner Observation,my guinea pig has sores on the bottoms of its feet skin irritations owner observation
Pruritic lesions on tail; anti-itch spray prescribed.,Skin Irritations,Clinical Notes,pruritic lesions on tail antiitch spray prescribed skin irritations clinical notes
Radiographs show colon filled with large amount of inspissated feces; consistent with megacolon.,Digestive Issues,Clinical Notes,radiographs show colon filled with large amount of inspissated feces consistent with megacolon digestive issues clinical notes
"Guinea pig seems lethargic and thin, maybe internal parasites?",Parasites,Owner Observation,guinea pig seems lethargic and thin maybe internal parasites parasites owner observation
Assess panniculus reflex and deep pain sensation to localize spinal cord lesion.,Mobility Problems,Clinical Notes,assess panniculus reflex and deep pain sensation to localize spinal cord lesion mobility problems clinical notes
"Dog has thickened, rough skin inside the ear canal (cobblestone appearance).",Ear Infections,Owner Observation,dog has thickened rough skin inside the ear canal cobblestone appearance ear infections owner observation
My rabbit caught fleas from our dog.,Parasites,Owner Observation,my rabbit caught fleas from our dog parasites owner observation
"My cat has what looks like dandruff, but it moves.",Skin Irritations,Owner Observation,my cat has what looks like dandruff but it moves skin irritations owner observation
Recheck appointment scheduled to monitor progress.,Skin Irritations,Clinical Notes,recheck appointment scheduled to monitor progress skin irritations clinical notes
Ensure prescribed volume of medication is sufficient to coat the entire ear canal.,Ear Infections,Clinical Notes,ensure prescribed volume of medication is sufficient to coat the entire ear canal ear infections clinical notes
Thoracic radiographs taken to screen for metastasis prior to amputation.,Mobility Problems,Clinical Notes,thoracic radiographs taken to screen for metastasis prior to amputation mobility problems clinical notes
"Discuss zoonotic potential of Salmonella, Campylobacter, Giardia, Toxocara.",Digestive Issues,Clinical Notes,discuss zoonotic potential of salmonella campylobacter giardia toxocara digestive issues clinical notes
Avascular necrosis of the femoral head (LCPD) confirmed radiographically. FHO surgery recommended.,Mobility Problems,Clinical Notes,avascular necrosis of the femoral head lcpd confirmed radiographically fho surgery recommended mobility problems clinical notes
"Multiple alopecic, scaling patches present; Wood's lamp negative, fungal culture pending for dermatophytosis.",Skin Irritations,Clinical Notes,multiple alopecic scaling patches present woods lamp negative fungal culture pending for dermatophytosis skin irritations clinical notes
"Perianal pruritus and erythema; anal sacs expressed (moderate amount, normal consistency), check for tapeworms/allergies.",Skin Irritations,Clinical Notes,perianal pruritus and erythema anal sacs expressed moderate amount normal consistency check for tapewormsallergies skin irritations clinical notes
"Fecal flotation positive for Trichuris vulpis eggs (+). Requires specific deworming protocol (e.g., fenbendazole x 3 days, repeat).",Parasites,Clinical Notes,fecal flotation positive for trichuris vulpis eggs requires specific deworming protocol eg fenbendazole x days repeat parasites clinical notes
"Guinea pig is staying in one corner of the cage, not exploring.",Mobility Problems,Owner Observation,guinea pig is staying in one corner of the cage not exploring mobility problems owner observation
Blood in stool; rule out ulceration.,Digestive Issues,Clinical Notes,blood in stool rule out ulceration digestive issues clinical notes
"Cat is scratching her neck raw, right where the collar sits.",Skin Irritations,Owner Observation,cat is scratching her neck raw right where the collar sits skin irritations owner observation
Guinea pig has vitamin C deficiency (scurvy) causing joint pain.,Mobility Problems,Owner Observation,guinea pig has vitamin c deficiency scurvy causing joint pain mobility problems owner observation
Cat has sores on her lips and tongue.,Skin Irritations,Owner Observation,cat has sores on her lips and tongue skin irritations owner observation
Cat has scratches and scabs around her ears from scratching.,Ear Infections,Owner Observation,cat has scratches and scabs around her ears from scratching ear infections owner observation
My dog has exercise-induced weakness due to myasthenia gravis.,Mobility Problems,Owner Observation,my dog has exerciseinduced weakness due to myasthenia gravis mobility problems owner observation
My cat has been hiding under the bed and won't eat.,Digestive Issues,Owner Observation,my cat has been hiding under the bed and wont eat digestive issues owner observation
Erythema and scaling on paws; soak and medicate.,Skin Irritations,Clinical Notes,erythema and scaling on paws soak and medicate skin irritations clinical notes
My dog has panosteitis (growing pains).,Mobility Problems,Owner Observation,my dog has panosteitis growing pains mobility problems owner observation
My cat has fleas even though she's an indoor cat.,Parasites,Owner Observation,my cat has fleas even though shes an indoor cat parasites owner observation
My dog has severe hip dysplasia confirmed by x-rays.,Mobility Problems,Owner Observation,my dog has severe hip dysplasia confirmed by xrays mobility problems owner observation
My dog has flaky skin along his spine.,Parasites,Owner Observation,my dog has flaky skin along his spine parasites owner observation
Azotemia present (elevated BUN/Creatinine); differentiate pre-renal vs. renal vs. post-renal causes. Urinalysis needed.,Digestive Issues,Clinical Notes,azotemia present elevated buncreatinine differentiate prerenal vs renal vs postrenal causes urinalysis needed digestive issues clinical notes
My rabbit has 'walking dandruff' mites (Cheyletiella).,Parasites,Owner Observation,my rabbit has walking dandruff mites cheyletiella parasites owner observation
Kitten has Coccidia causing bloody diarrhea.,Parasites,Owner Observation,kitten has coccidia causing bloody diarrhea parasites owner observation
My dog keeps shaking his head violently and scratching at his right ear.,Ear Infections,Owner Observation,my dog keeps shaking his head violently and scratching at his right ear ear infections owner observation
"My puppy is having diarrhea accidents inside, seems urgent.",Digestive Issues,Owner Observation,my puppy is having diarrhea accidents inside seems urgent digestive issues owner observation
"Dog has greasy, pale, voluminous stools.",Digestive Issues,Owner Observation,dog has greasy pale voluminous stools digestive issues owner observation
Abdominal palpation reveals mild discomfort; no obvious foreign body palpated.,Digestive Issues,Clinical Notes,abdominal palpation reveals mild discomfort no obvious foreign body palpated digestive issues clinical notes
Cat is sensitive to noises.,Ear Infections,Owner Observation,cat is sensitive to noises ear infections owner observation
Feline psychogenic alopecia suspected; rule out medical causes of pruritus first.,Skin Irritations,Clinical Notes,feline psychogenic alopecia suspected rule out medical causes of pruritus first skin irritations clinical notes
"Guinea pig is limping, possibly due to lack of Vitamin C.",Mobility Problems,Owner Observation,guinea pig is limping possibly due to lack of vitamin c mobility problems owner observation
Alopecia and redness on tail; rule out psychogenic causes.,Skin Irritations,Clinical Notes,alopecia and redness on tail rule out psychogenic causes skin irritations clinical notes
Puppy is small for his age and has chronic soft stools.,Digestive Issues,Owner Observation,puppy is small for his age and has chronic soft stools digestive issues owner observation
Rabbit is holding its head tilted and seems unbalanced.,Mobility Problems,Owner Observation,rabbit is holding its head tilted and seems unbalanced mobility problems owner observation
Provide client education handout on managing allergic dermatitis.,Skin Irritations,Clinical Notes,provide client education handout on managing allergic dermatitis skin irritations clinical notes
Initiate course of Adequan (PSGAG) injections.,Mobility Problems,Clinical Notes,initiate course of adequan psgag injections mobility problems clinical notes
My cat has vomited several times today and is now hiding.,Digestive Issues,Owner Observation,my cat has vomited several times today and is now hiding digestive issues owner observation
Recheck skin scrapes monthly during Demodex treatment until two consecutive negative scrapes.,Parasites,Clinical Notes,recheck skin scrapes monthly during demodex treatment until two consecutive negative scrapes parasites clinical notes
"My cat has rapid, involuntary eye movements (nystagmus).",Ear Infections,Owner Observation,my cat has rapid involuntary eye movements nystagmus ear infections owner observation
Cat seems deaf in one ear.,Ear Infections,Owner Observation,cat seems deaf in one ear ear infections owner observation
My cat has really bad breath and sometimes vomits yellow foam.,Digestive Issues,Owner Observation,my cat has really bad breath and sometimes vomits yellow foam digestive issues owner observation
Biopsy of mass in ear canal submitted for histopathology.,Ear Infections,Clinical Notes,biopsy of mass in ear canal submitted for histopathology ear infections clinical notes
"Heartworm treatment protocol initiated (doxycycline, preventative, melarsomine injections).",Parasites,Clinical Notes,heartworm treatment protocol initiated doxycycline preventative melarsomine injections parasites clinical notes
Recommend omega-3 fatty acid supplementation to support skin barrier.,Skin Irritations,Clinical Notes,recommend omega fatty acid supplementation to support skin barrier skin irritations clinical notes
"Severe ulcerative pododermatitis (bumblefoot) in guinea pig; debride, bandage, systemic antibiotics, improve husbandry.",Mobility Problems,Clinical Notes,severe ulcerative pododermatitis bumblefoot in guinea pig debride bandage systemic antibiotics improve husbandry mobility problems clinical notes
"Kitten is anemic (pale gums) and lethargic, suspecting heavy flea or worm burden.",Parasites,Owner Observation,kitten is anemic pale gums and lethargic suspecting heavy flea or worm burden parasites owner observation
Rabbit has a fractured leg.,Mobility Problems,Owner Observation,rabbit has a fractured leg mobility problems owner observation
Cytology of ear discharge reveals budding yeast (Malassezia).,Skin Irritations,Clinical Notes,cytology of ear discharge reveals budding yeast malassezia skin irritations clinical notes
Dog is swallowing repeatedly and licking his nose.,Digestive Issues,Owner Observation,dog is swallowing repeatedly and licking his nose digestive issues owner observation
Infraspinatus contracture noted.,Mobility Problems,Clinical Notes,infraspinatus contracture noted mobility problems clinical notes
My dog has developed dark pigmentation on previously pink skin.,Skin Irritations,Owner Observation,my dog has developed dark pigmentation on previously pink skin skin irritations owner observation
My cat vomited pink-tinged fluid.,Digestive Issues,Owner Observation,my cat vomited pinktinged fluid digestive issues owner observation
Modify multimodal pain plan based on patient response and owner feedback.,Mobility Problems,Clinical Notes,modify multimodal pain plan based on patient response and owner feedback mobility problems clinical notes
My dog cries when getting up or lying down.,Mobility Problems,Owner Observation,my dog cries when getting up or lying down mobility problems owner observation
Re-examine tympanic membrane after initial treatment and cleaning to assess integrity.,Ear Infections,Clinical Notes,reexamine tympanic membrane after initial treatment and cleaning to assess integrity ear infections clinical notes
Purulent exudate present in vertical canal (AD - right ear); sample collected for culture and sensitivity.,Ear Infections,Clinical Notes,purulent exudate present in vertical canal ad right ear sample collected for culture and sensitivity ear infections clinical notes
Robert Jones bandage applied for temporary stabilization of tibial fracture.,Mobility Problems,Clinical Notes,robert jones bandage applied for temporary stabilization of tibial fracture mobility problems clinical notes
My cat has developed a lump that feels fatty under the skin.,Skin Irritations,Owner Observation,my cat has developed a lump that feels fatty under the skin skin irritations owner observation
Rabbit has developed urine scald from inability to posture correctly.,Mobility Problems,Owner Observation,rabbit has developed urine scald from inability to posture correctly mobility problems owner observation
"Recommend environmental flea treatment (vacuuming, washing bedding, premise spray).",Parasites,Clinical Notes,recommend environmental flea treatment vacuuming washing bedding premise spray parasites clinical notes
Fecal microbiota transplantation (FMT) discussed as option for refractory chronic diarrhea.,Digestive Issues,Clinical Notes,fecal microbiota transplantation fmt discussed as option for refractory chronic diarrhea digestive issues clinical notes
Cat is irritable or aggressive when touched in certain areas.,Mobility Problems,Owner Observation,cat is irritable or aggressive when touched in certain areas mobility problems owner observation
"Dog has chronic ear infections, vet mentioned allergies.",Ear Infections,Owner Observation,dog has chronic ear infections vet mentioned allergies ear infections owner observation
Referral to internal medicine specialist recommended for complex chronic enteropathy.,Digestive Issues,Clinical Notes,referral to internal medicine specialist recommended for complex chronic enteropathy digestive issues clinical notes
Puppy whimpers if I gently squeeze the base of his ear.,Ear Infections,Owner Observation,puppy whimpers if i gently squeeze the base of his ear ear infections owner observation
Prescribe metronidazole for suspected bacterial overgrowth/colitis.,Digestive Issues,Clinical Notes,prescribe metronidazole for suspected bacterial overgrowthcolitis digestive issues clinical notes
"Ferret has ear mites, visible as dark debris.",Parasites,Owner Observation,ferret has ear mites visible as dark debris parasites owner observation
Hind limb lameness; check for meniscal injury.,Mobility Problems,Clinical Notes,hind limb lameness check for meniscal injury mobility problems clinical notes
Rule out stress colitis as contributing factor.,Digestive Issues,Clinical Notes,rule out stress colitis as contributing factor digestive issues clinical notes
Consider laser therapy to reduce inflammation.,Ear Infections,Clinical Notes,consider laser therapy to reduce inflammation ear infections clinical notes
Performed deep ear flush under sedation. Removed large amount of debris.,Ear Infections,Clinical Notes,performed deep ear flush under sedation removed large amount of debris ear infections clinical notes
Guinea pig's back legs seem completely limp.,Mobility Problems,Owner Observation,guinea pigs back legs seem completely limp mobility problems owner observation
Perform follow-up cytology at recheck to confirm resolution of infection.,Ear Infections,Clinical Notes,perform followup cytology at recheck to confirm resolution of infection ear infections clinical notes
My guinea pig’s sides are red and scabby.,Skin Irritations,Owner Observation,my guinea pig’s sides are red and scabby skin irritations owner observation
My puppy walks stiffly for the first few steps after waking up.,Mobility Problems,Owner Observation,my puppy walks stiffly for the first few steps after waking up mobility problems owner observation
Ferret has itchy skin and some hair loss on its tail.,Skin Irritations,Owner Observation,ferret has itchy skin and some hair loss on its tail skin irritations owner observation
My puppy's littermates also have ear problems.,Ear Infections,Owner Observation,my puppys littermates also have ear problems ear infections owner observation
My cat's eyes are darting back and forth rapidly.,Ear Infections,Owner Observation,my cats eyes are darting back and forth rapidly ear infections owner observation
My dog walks with his back arched upwards.,Mobility Problems,Owner Observation,my dog walks with his back arched upwards mobility problems owner observation
Baseline cortisol low; ACTH stimulation test confirms Addison's condition. Initiate DOCP and prednisone.,Digestive Issues,Clinical Notes,baseline cortisol low acth stimulation test confirms addisons condition initiate docp and prednisone digestive issues clinical notes
"Dog's limp is worse after resting (e.g., morning stiffness).",Mobility Problems,Owner Observation,dogs limp is worse after resting eg morning stiffness mobility problems owner observation
"History of potential toxin exposure (e.g., antifreeze, rodenticide, human medications). Advise immediate evaluation.",Digestive Issues,Clinical Notes,history of potential toxin exposure eg antifreeze rodenticide human medications advise immediate evaluation digestive issues clinical notes
Cat is excessively grooming her front legs.,Skin Irritations,Owner Observation,cat is excessively grooming her front legs skin irritations owner observation
My puppy got something stuck in his ear (grass seed?).,Ear Infections,Owner Observation,my puppy got something stuck in his ear grass seed ear infections owner observation
My dog's skin turns red and blotchy after walks in the grass.,Skin Irritations,Owner Observation,my dogs skin turns red and blotchy after walks in the grass skin irritations owner observation
Tick panel (4Dx) positive for Borrelia burgdorferi (Lyme) antibodies. Clinical signs consistent with Lyme nephritis/arthritis.,Mobility Problems,Clinical Notes,tick panel dx positive for borrelia burgdorferi lyme antibodies clinical signs consistent with lyme nephritisarthritis mobility problems clinical notes
Serum folate and cobalamin levels submitted to assess small intestinal absorptive function.,Digestive Issues,Clinical Notes,serum folate and cobalamin levels submitted to assess small intestinal absorptive function digestive issues clinical notes
"Rule out autoimmune condition (e.g., pemphigus) causing pinnal lesions.",Ear Infections,Clinical Notes,rule out autoimmune condition eg pemphigus causing pinnal lesions ear infections clinical notes
Dog has intense itching primarily at night.,Skin Irritations,Owner Observation,dog has intense itching primarily at night skin irritations owner observation
"Differentials for head shaking: Otitis (externa, media), foreign body, polyp, mites, allergy, neurological condition.",Ear Infections,Clinical Notes,differentials for head shaking otitis externa media foreign body polyp mites allergy neurological condition ear infections clinical notes
My dog has bone cancer causing severe leg pain.,Mobility Problems,Owner Observation,my dog has bone cancer causing severe leg pain mobility problems owner observation
"Cytology AS (left ear): Yeast (Malassezia) ++++, Cocci ++, Rods 0. Neutrophils ++.",Ear Infections,Clinical Notes,cytology as left ear yeast malassezia cocci rods neutrophils ear infections clinical notes
Provide owner with feeding tube care instructions.,Digestive Issues,Clinical Notes,provide owner with feeding tube care instructions digestive issues clinical notes
"Acute moist dermatitis (hot spot) on left hip; clip, clean, apply topical steroid/antibiotic.",Skin Irritations,Clinical Notes,acute moist dermatitis hot spot on left hip clip clean apply topical steroidantibiotic skin irritations clinical notes
Ferret is vomiting shortly after every meal.,Digestive Issues,Owner Observation,ferret is vomiting shortly after every meal digestive issues owner observation
"My dog has recurring ear problems, especially after swimming.",Ear Infections,Owner Observation,my dog has recurring ear problems especially after swimming ear infections owner observation
Clip hair around lesions to facilitate topical treatment.,Skin Irritations,Clinical Notes,clip hair around lesions to facilitate topical treatment skin irritations clinical notes
"Cat has been chewing her hind legs, leaving raw spots.",Skin Irritations,Owner Observation,cat has been chewing her hind legs leaving raw spots skin irritations owner observation
Pet ate spoiled food and now has diarrhea.,Digestive Issues,Owner Observation,pet ate spoiled food and now has diarrhea digestive issues owner observation
My dog's back legs seem to cross over when he walks.,Mobility Problems,Owner Observation,my dogs back legs seem to cross over when he walks mobility problems owner observation
Characteristic gait abnormality and muscle atrophy consistent with infraspinatus contracture.,Mobility Problems,Clinical Notes,characteristic gait abnormality and muscle atrophy consistent with infraspinatus contracture mobility problems clinical notes
Confirm owner compliance with preventative medications.,Parasites,Clinical Notes,confirm owner compliance with preventative medications parasites clinical notes
Mild enterocolitis; probiotics and fluids advised.,Digestive Issues,Clinical Notes,mild enterocolitis probiotics and fluids advised digestive issues clinical notes
Ferret needs a flea treatment that is safe and effective for them.,Parasites,Owner Observation,ferret needs a flea treatment that is safe and effective for them parasites owner observation
"Severe, symmetrical epaxial and gluteal muscle atrophy noted.",Mobility Problems,Clinical Notes,severe symmetrical epaxial and gluteal muscle atrophy noted mobility problems clinical notes
Disc herniation; prescribe strict rest and steroids.,Mobility Problems,Clinical Notes,disc herniation prescribe strict rest and steroids mobility problems clinical notes
Food allergy trial initiated with novel protein diet.,Skin Irritations,Clinical Notes,food allergy trial initiated with novel protein diet skin irritations clinical notes
Crusting lesions on flanks; antifungal cream advised.,Skin Irritations,Clinical Notes,crusting lesions on flanks antifungal cream advised skin irritations clinical notes
My dog has intervertebral disc condition (IVDD).,Mobility Problems,Owner Observation,my dog has intervertebral disc condition ivdd mobility problems owner observation
Guinea pig is dragging its hind legs behind it.,Mobility Problems,Owner Observation,guinea pig is dragging its hind legs behind it mobility problems owner observation
Cat is overgrooming areas near painful joints.,Mobility Problems,Owner Observation,cat is overgrooming areas near painful joints mobility problems owner observation
My cat has been hiding and refusing food for a day.,Digestive Issues,Owner Observation,my cat has been hiding and refusing food for a day digestive issues owner observation
My dog ate fatty table scraps and is now vomiting and painful.,Digestive Issues,Owner Observation,my dog ate fatty table scraps and is now vomiting and painful digestive issues owner observation
Educate owner on signs of worsening neurological function.,Mobility Problems,Clinical Notes,educate owner on signs of worsening neurological function mobility problems clinical notes
"My rabbit has fleas, likely from the dog.",Parasites,Owner Observation,my rabbit has fleas likely from the dog parasites owner observation
Cat is suddenly unable to use her back legs and is crying in pain.,Mobility Problems,Owner Observation,cat is suddenly unable to use her back legs and is crying in pain mobility problems owner observation
Post-clipping alopecia noted on flank; advise owner regrowth may be slow or incomplete.,Skin Irritations,Clinical Notes,postclipping alopecia noted on flank advise owner regrowth may be slow or incomplete skin irritations clinical notes
"Differentials include bacterial folliculitis, demodicosis, dermatophytosis.",Skin Irritations,Clinical Notes,differentials include bacterial folliculitis demodicosis dermatophytosis skin irritations clinical notes
My dog yelps when other dogs play near his head.,Ear Infections,Owner Observation,my dog yelps when other dogs play near his head ear infections owner observation
"Consider autoimmune skin conditions (lupus, pemphigus variants) in differential list.",Skin Irritations,Clinical Notes,consider autoimmune skin conditions lupus pemphigus variants in differential list skin irritations clinical notes
Suspect Aelurostrongylus abstrusus (feline lungworm) based on respiratory signs. Baermann fecal analysis confirms L1 larvae.,Parasites,Clinical Notes,suspect aelurostrongylus abstrusus feline lungworm based on respiratory signs baermann fecal analysis confirms l larvae parasites clinical notes
Administer anti-emetic (maropitant injection) and recommend hospitalization for IV fluids and further diagnostics/surgery.,Digestive Issues,Clinical Notes,administer antiemetic maropitant injection and recommend hospitalization for iv fluids and further diagnosticssurgery digestive issues clinical notes
"My dog seems restless and uncomfortable, pacing after meals.",Digestive Issues,Owner Observation,my dog seems restless and uncomfortable pacing after meals digestive issues owner observation
Recommend ear drying solution after swimming or bathing for predisposed dogs.,Ear Infections,Clinical Notes,recommend ear drying solution after swimming or bathing for predisposed dogs ear infections clinical notes
Dog has chronic ear issues that flare up when his skin allergies act up.,Ear Infections,Owner Observation,dog has chronic ear issues that flare up when his skin allergies act up ear infections owner observation
Perform MDR1 genetic testing before using ivermectin/moxidectin in potentially sensitive breeds.,Parasites,Clinical Notes,perform mdr genetic testing before using ivermectinmoxidectin in potentially sensitive breeds parasites clinical notes
Bile acids test recommended to assess liver function.,Digestive Issues,Clinical Notes,bile acids test recommended to assess liver function digestive issues clinical notes
"Cat is hiding, seems lethargic, and occasionally shakes her head.",Ear Infections,Owner Observation,cat is hiding seems lethargic and occasionally shakes her head ear infections owner observation
Flea infestation; start lotilaner chewables.,Parasites,Clinical Notes,flea infestation start lotilaner chewables parasites clinical notes
Chronic dermatitis on neck; consider immunotherapy.,Skin Irritations,Clinical Notes,chronic dermatitis on neck consider immunotherapy skin irritations clinical notes
My puppy's ears require frequent cleaning as a preventative measure.,Ear Infections,Owner Observation,my puppys ears require frequent cleaning as a preventative measure ear infections owner observation
"Orthopedic exam components: observation, palpation of bones/joints/muscles, range of motion, instability tests (drawer, Ortolani).",Mobility Problems,Clinical Notes,orthopedic exam components observation palpation of bonesjointsmuscles range of motion instability tests drawer ortolani mobility problems clinical notes
My dog groans when lying down or changing positions.,Mobility Problems,Owner Observation,my dog groans when lying down or changing positions mobility problems owner observation
Nodular dermatofibrosis; check for renal cystadenocarcinoma.,Skin Irritations,Clinical Notes,nodular dermatofibrosis check for renal cystadenocarcinoma skin irritations clinical notes
"Kitten may have resistant parasites or Tritrichomonas, further testing needed.",Parasites,Owner Observation,kitten may have resistant parasites or tritrichomonas further testing needed parasites owner observation
Recommend strict adherence to hypoallergenic diet trial for minimum 8 weeks.,Ear Infections,Clinical Notes,recommend strict adherence to hypoallergenic diet trial for minimum weeks ear infections clinical notes
Nasal hyperkeratosis noted; advise emollients/keratolytic agents.,Skin Irritations,Clinical Notes,nasal hyperkeratosis noted advise emollientskeratolytic agents skin irritations clinical notes
My cat has developed scabs along her spine.,Skin Irritations,Owner Observation,my cat has developed scabs along her spine skin irritations owner observation
"Localized demodicosis in puppy typically resolves spontaneously; monitor closely, treat if lesions spread.",Parasites,Clinical Notes,localized demodicosis in puppy typically resolves spontaneously monitor closely treat if lesions spread parasites clinical notes
Flea allergy dermatitis (FAD) diagnosed; requires strict flea control and symptomatic treatment for pruritus.,Parasites,Clinical Notes,flea allergy dermatitis fad diagnosed requires strict flea control and symptomatic treatment for pruritus parasites clinical notes
Document degree of lameness and affected limb(s).,Mobility Problems,Clinical Notes,document degree of lameness and affected limbs mobility problems clinical notes
Puppy vomited pieces of chewed-up fabric.,Digestive Issues,Owner Observation,puppy vomited pieces of chewedup fabric digestive issues owner observation
"Cat is lethargic and hiding, along with the head shaking.",Ear Infections,Owner Observation,cat is lethargic and hiding along with the head shaking ear infections owner observation
Dog has what looks like a small skin tag or growth inside his ear.,Ear Infections,Owner Observation,dog has what looks like a small skin tag or growth inside his ear ear infections owner observation
"My cat used to sleep on the top bunk, now she stays on the floor.",Mobility Problems,Owner Observation,my cat used to sleep on the top bunk now she stays on the floor mobility problems owner observation
Strict cage rest prescribed for suspected acute IVDD episode.,Mobility Problems,Clinical Notes,strict cage rest prescribed for suspected acute ivdd episode mobility problems clinical notes
Hamster is not eating or drinking and looks hunched over.,Digestive Issues,Owner Observation,hamster is not eating or drinking and looks hunched over digestive issues owner observation
"Ferret has waxy ears, could be mites or just wax buildup.",Ear Infections,Owner Observation,ferret has waxy ears could be mites or just wax buildup ear infections owner observation
Adequate sedation/anesthesia often required for safe and thorough otic examination/procedures.,Ear Infections,Clinical Notes,adequate sedationanesthesia often required for safe and thorough otic examinationprocedures ear infections clinical notes
Dog has blood and mucus in his diarrhea.,Digestive Issues,Owner Observation,dog has blood and mucus in his diarrhea digestive issues owner observation
Post-inflammatory hyperpigmentation present in previously inflamed areas.,Skin Irritations,Clinical Notes,postinflammatory hyperpigmentation present in previously inflamed areas skin irritations clinical notes
My dog has underlying food allergies that seem to trigger the ear infections.,Ear Infections,Owner Observation,my dog has underlying food allergies that seem to trigger the ear infections ear infections owner observation
"My cat stopped using the litter box, maybe it's hard to get into.",Mobility Problems,Owner Observation,my cat stopped using the litter box maybe its hard to get into mobility problems owner observation
"My ferret seems itchy, rubbing against things.",Parasites,Owner Observation,my ferret seems itchy rubbing against things parasites owner observation
"Pododermatitis in guinea pig; assess husbandry (substrate, cleanliness), rule out infection/scurvy.",Skin Irritations,Clinical Notes,pododermatitis in guinea pig assess husbandry substrate cleanliness rule out infectionscurvy skin irritations clinical notes
Dog has a Malassezia (yeast) overgrowth causing otitis.,Ear Infections,Clinical Notes,dog has a malassezia yeast overgrowth causing otitis ear infections clinical notes
Cat is less playful than usual.,Mobility Problems,Owner Observation,cat is less playful than usual mobility problems owner observation
Cat has scratched the fur off behind and below her ears.,Ear Infections,Owner Observation,cat has scratched the fur off behind and below her ears ear infections owner observation
Chronic otitis externa; test for atopy.,Ear Infections,Clinical Notes,chronic otitis externa test for atopy ear infections clinical notes
Puppy has localized demodectic mange on his face.,Parasites,Owner Observation,puppy has localized demodectic mange on his face parasites owner observation
"Hemorrhagic gastroenteritis (HGE): PCV 68%, TP 7.5 g/dL, raspberry jam stool. Aggressive IV fluid resuscitation required.",Digestive Issues,Clinical Notes,hemorrhagic gastroenteritis hge pcv tp gdl raspberry jam stool aggressive iv fluid resuscitation required digestive issues clinical notes
Ferret is pawing at its mouth and seems nauseous.,Digestive Issues,Owner Observation,ferret is pawing at its mouth and seems nauseous digestive issues owner observation
Cat hesitates before jumping down.,Mobility Problems,Owner Observation,cat hesitates before jumping down mobility problems owner observation
Dental condition noted; may contribute to anorexia or dysphagia.,Digestive Issues,Clinical Notes,dental condition noted may contribute to anorexia or dysphagia digestive issues clinical notes
Elevated Creatine Kinase (CK) levels suggest muscle damage; consider polymyositis/dermatomyositis.,Mobility Problems,Clinical Notes,elevated creatine kinase ck levels suggest muscle damage consider polymyositisdermatomyositis mobility problems clinical notes
Ferret has ear mites causing head shaking.,Parasites,Owner Observation,ferret has ear mites causing head shaking parasites owner observation
Impression smear from pustule reveals neutrophils and intracellular cocci; bacterial pyoderma confirmed.,Skin Irritations,Clinical Notes,impression smear from pustule reveals neutrophils and intracellular cocci bacterial pyoderma confirmed skin irritations clinical notes
Cat has blisters appearing on her skin.,Skin Irritations,Owner Observation,cat has blisters appearing on her skin skin irritations owner observation
"There's black, waxy gunk coming out of my dog's ears.",Ear Infections,Owner Observation,theres black waxy gunk coming out of my dogs ears ear infections owner observation
Radiographs show L7-S1 spondylosis and mild narrowing of neural foramen.,Mobility Problems,Clinical Notes,radiographs show ls spondylosis and mild narrowing of neural foramen mobility problems clinical notes
My dog's ear smells yeasty.,Ear Infections,Owner Observation,my dogs ear smells yeasty ear infections owner observation
Clip hair around affected areas to improve topical medication contact.,Skin Irritations,Clinical Notes,clip hair around affected areas to improve topical medication contact skin irritations clinical notes
Inflammatory polyp visualized protruding from middle ear through tympanum.,Ear Infections,Clinical Notes,inflammatory polyp visualized protruding from middle ear through tympanum ear infections clinical notes
Use appropriate restraint/sedation for thorough otoscopic examination.,Ear Infections,Clinical Notes,use appropriate restraintsedation for thorough otoscopic examination ear infections clinical notes
Lameness with ataxia; test for spinal lesion.,Mobility Problems,Clinical Notes,lameness with ataxia test for spinal lesion mobility problems clinical notes
Osteochondritis dissecans (OCD) lesion noted on shoulder radiograph.,Mobility Problems,Clinical Notes,osteochondritis dissecans ocd lesion noted on shoulder radiograph mobility problems clinical notes
Cat has a non-healing sore on her ear flap.,Skin Irritations,Owner Observation,cat has a nonhealing sore on her ear flap skin irritations owner observation
Dog has chronic whipworm infection.,Parasites,Owner Observation,dog has chronic whipworm infection parasites owner observation
Rabbit is sitting hunched and grinding its teeth.,Digestive Issues,Owner Observation,rabbit is sitting hunched and grinding its teeth digestive issues owner observation
Lesions consistent with mosquito bite hypersensitivity.,Skin Irritations,Clinical Notes,lesions consistent with mosquito bite hypersensitivity skin irritations clinical notes
Gut dysbiosis likely; recommend synbiotic (probiotic + prebiotic).,Digestive Issues,Clinical Notes,gut dysbiosis likely recommend synbiotic probiotic prebiotic digestive issues clinical notes
"Dog has trouble squatting to poop, sometimes falls over.",Mobility Problems,Owner Observation,dog has trouble squatting to poop sometimes falls over mobility problems owner observation
Soft tissue swelling noted around joint; rule out sprain/strain vs. septic arthritis.,Mobility Problems,Clinical Notes,soft tissue swelling noted around joint rule out sprainstrain vs septic arthritis mobility problems clinical notes
Puppy has a dull coat and is underweight.,Parasites,Owner Observation,puppy has a dull coat and is underweight parasites owner observation
Evaluate patient's diet and discuss potential nutritional deficiencies.,Skin Irritations,Clinical Notes,evaluate patients diet and discuss potential nutritional deficiencies skin irritations clinical notes
Discuss quality of life assessment and end-of-life decision making if pain becomes unmanageable.,Mobility Problems,Clinical Notes,discuss quality of life assessment and endoflife decision making if pain becomes unmanageable mobility problems clinical notes
Advise gradual diet transition over 7-10 days to prevent GI upset.,Digestive Issues,Clinical Notes,advise gradual diet transition over days to prevent gi upset digestive issues clinical notes
Cat has started pooping outside the litter box on the rug.,Mobility Problems,Owner Observation,cat has started pooping outside the litter box on the rug mobility problems owner observation
Yeast otitis with odor; clean and apply clotrimazole.,Ear Infections,Clinical Notes,yeast otitis with odor clean and apply clotrimazole ear infections clinical notes
Severe dental tartar and gingivitis noted; may contribute to hyporexia or dysphagia.,Digestive Issues,Clinical Notes,severe dental tartar and gingivitis noted may contribute to hyporexia or dysphagia digestive issues clinical notes
Re-evaluate tympanic membrane integrity after cleaning.,Ear Infections,Clinical Notes,reevaluate tympanic membrane integrity after cleaning ear infections clinical notes
Initiate topical therapy with chlorhexidine wipes.,Skin Irritations,Clinical Notes,initiate topical therapy with chlorhexidine wipes skin irritations clinical notes
"Confirm pet's lifestyle (indoor/outdoor, travel history) to assess parasite risk.",Parasites,Clinical Notes,confirm pets lifestyle indooroutdoor travel history to assess parasite risk parasites clinical notes
"My dog's movement seems restricted, less range of motion.",Mobility Problems,Owner Observation,my dogs movement seems restricted less range of motion mobility problems owner observation
Consider parasite resistance if treatment fails; switch drug class.,Parasites,Clinical Notes,consider parasite resistance if treatment fails switch drug class parasites clinical notes
My dog's skin seems greasy and has a strong odor.,Skin Irritations,Owner Observation,my dogs skin seems greasy and has a strong odor skin irritations owner observation
Provide estimate for diagnostics and treatment options.,Mobility Problems,Clinical Notes,provide estimate for diagnostics and treatment options mobility problems clinical notes
Use Tris-EDTA containing ear flush for Pseudomonas infections.,Ear Infections,Clinical Notes,use trisedta containing ear flush for pseudomonas infections ear infections clinical notes
Fecal flotation positive for Ancylostoma tubaeforme eggs (++).,Parasites,Clinical Notes,fecal flotation positive for ancylostoma tubaeforme eggs parasites clinical notes
"My dog walks with short, choppy steps.",Mobility Problems,Owner Observation,my dog walks with short choppy steps mobility problems owner observation
My dog has extremely foul-smelling gas.,Digestive Issues,Owner Observation,my dog has extremely foulsmelling gas digestive issues owner observation
Grade III/IV medial patellar luxation palpated in right stifle.,Mobility Problems,Clinical Notes,grade iiiiv medial patellar luxation palpated in right stifle mobility problems clinical notes
My bird has scaly mites on its legs.,Parasites,Owner Observation,my bird has scaly mites on its legs parasites owner observation
Alopecia and crusting on legs; biopsy suggested.,Skin Irritations,Clinical Notes,alopecia and crusting on legs biopsy suggested skin irritations clinical notes
Advise strict hygiene when handling pets with zoonotic parasites.,Parasites,Clinical Notes,advise strict hygiene when handling pets with zoonotic parasites parasites clinical notes
"Advise NPO for 12-24 hours, then slowly reintroduce water and bland food.",Digestive Issues,Clinical Notes,advise npo for hours then slowly reintroduce water and bland food digestive issues clinical notes
Provided detailed post-operative care instructions following TECA-BO surgery.,Ear Infections,Clinical Notes,provided detailed postoperative care instructions following tecabo surgery ear infections clinical notes
Rabbit looks dull and isn't drinking much water.,Digestive Issues,Owner Observation,rabbit looks dull and isnt drinking much water digestive issues owner observation
"Ortolani sign positive, indicating hip laxity.",Mobility Problems,Clinical Notes,ortolani sign positive indicating hip laxity mobility problems clinical notes
Dog has diarrhea with a fishy odor.,Digestive Issues,Owner Observation,dog has diarrhea with a fishy odor digestive issues owner observation
Dog has a rash after swimming in a pond.,Skin Irritations,Owner Observation,dog has a rash after swimming in a pond skin irritations owner observation
Dog has bouts of vomiting and diarrhea that come and go.,Digestive Issues,Owner Observation,dog has bouts of vomiting and diarrhea that come and go digestive issues owner observation
Administer Cytopoint (lokivetmab) injection for canine atopic dermatitis.,Skin Irritations,Clinical Notes,administer cytopoint lokivetmab injection for canine atopic dermatitis skin irritations clinical notes
Perineal hernia contributing to constipation.,Digestive Issues,Clinical Notes,perineal hernia contributing to constipation digestive issues clinical notes
Discuss prognosis for chronic ear condition.,Ear Infections,Clinical Notes,discuss prognosis for chronic ear condition ear infections clinical notes
Dog has chronic large bowel diarrhea due to whipworms.,Parasites,Owner Observation,dog has chronic large bowel diarrhea due to whipworms parasites owner observation
Puppy has mild redness and a small amount of wax in both ears.,Ear Infections,Owner Observation,puppy has mild redness and a small amount of wax in both ears ear infections owner observation
The discharge from my dog's ear looks slightly bloody.,Ear Infections,Owner Observation,the discharge from my dogs ear looks slightly bloody ear infections owner observation
Radiographs show osteophyte formation and joint space narrowing consistent with DJD in elbows.,Mobility Problems,Clinical Notes,radiographs show osteophyte formation and joint space narrowing consistent with djd in elbows mobility problems clinical notes
Ferret is pawing at his mouth and drooling.,Digestive Issues,Owner Observation,ferret is pawing at his mouth and drooling digestive issues owner observation
Radiographs show segmental dilation of small intestine with plication; high suspicion for linear foreign body.,Digestive Issues,Clinical Notes,radiographs show segmental dilation of small intestine with plication high suspicion for linear foreign body digestive issues clinical notes
The skin between my dog's toes is red and inflamed.,Skin Irritations,Owner Observation,the skin between my dogs toes is red and inflamed skin irritations owner observation
My puppy seems dizzy.,Ear Infections,Owner Observation,my puppy seems dizzy ear infections owner observation
Repeat fecal examination post-treatment to confirm parasite eradication.,Digestive Issues,Clinical Notes,repeat fecal examination posttreatment to confirm parasite eradication digestive issues clinical notes
Ultrasound-guided fine needle aspirate of bone lesion performed; cytology pending.,Mobility Problems,Clinical Notes,ultrasoundguided fine needle aspirate of bone lesion performed cytology pending mobility problems clinical notes
"Prescribe isoxazoline (e.g., Bravecto, Nexgard, Simparica, Credelio) for flea/tick control.",Parasites,Clinical Notes,prescribe isoxazoline eg bravecto nexgard simparica credelio for fleatick control parasites clinical notes
My rabbit developed an abscess below its ear.,Ear Infections,Owner Observation,my rabbit developed an abscess below its ear ear infections owner observation
Differential diagnoses for head tilt include peripheral vestibular condition (ear-related) vs. central vestibular condition.,Ear Infections,Clinical Notes,differential diagnoses for head tilt include peripheral vestibular condition earrelated vs central vestibular condition ear infections clinical notes
My cat has a swollen lower lip.,Skin Irritations,Owner Observation,my cat has a swollen lower lip skin irritations owner observation
"My cat passed several long, white, round worms in her stool.",Parasites,Owner Observation,my cat passed several long white round worms in her stool parasites owner observation
Hookworm eggs in stool; prescribe fenbendazole.,Parasites,Clinical Notes,hookworm eggs in stool prescribe fenbendazole parasites clinical notes
My cat has fleas resistant to the spot-on treatment I used.,Parasites,Owner Observation,my cat has fleas resistant to the spoton treatment i used parasites owner observation
Cat seems to have nerve damage in her front leg after an injury.,Mobility Problems,Owner Observation,cat seems to have nerve damage in her front leg after an injury mobility problems owner observation
Recheck appointment scheduled in 10-14 days to assess response to treatment.,Ear Infections,Clinical Notes,recheck appointment scheduled in days to assess response to treatment ear infections clinical notes
Dog has hookworm anemia.,Parasites,Owner Observation,dog has hookworm anemia parasites owner observation
"Differential diagnoses for head shaking include foreign body, mites, infection, polyp, allergy.",Ear Infections,Clinical Notes,differential diagnoses for head shaking include foreign body mites infection polyp allergy ear infections clinical notes
"Systematic orthopedic examination performed, isolating pain/instability to specific joint/bone.",Mobility Problems,Clinical Notes,systematic orthopedic examination performed isolating paininstability to specific jointbone mobility problems clinical notes
Demonstrate ear cleaning technique to owner.,Ear Infections,Clinical Notes,demonstrate ear cleaning technique to owner ear infections clinical notes
Cleaned ears thoroughly with ceruminolytic agent; owner instructed on home cleaning.,Ear Infections,Clinical Notes,cleaned ears thoroughly with ceruminolytic agent owner instructed on home cleaning ear infections clinical notes
Foreign body identified on radiograph; proceed to surgery.,Digestive Issues,Clinical Notes,foreign body identified on radiograph proceed to surgery digestive issues clinical notes
"Pattern baldness (e.g., pinnal, ventral) noted; likely cosmetic.",Skin Irritations,Clinical Notes,pattern baldness eg pinnal ventral noted likely cosmetic skin irritations clinical notes
"My dog's hind legs seem uncoordinated, crossing over each other.",Mobility Problems,Owner Observation,my dogs hind legs seem uncoordinated crossing over each other mobility problems owner observation
Dog has yellowish diarrhea.,Digestive Issues,Owner Observation,dog has yellowish diarrhea digestive issues owner observation
"Assess hydration: CRT <2s, moist MM, good skin turgor. Patient appears euhydrated.",Digestive Issues,Clinical Notes,assess hydration crt s moist mm good skin turgor patient appears euhydrated digestive issues clinical notes
"Use moxidectin (Advantage Multi, ProHeart) for heartworm, fleas, roundworms, hookworms, whipworms, sarcoptic mange, ear mites (depending on formulation/species).",Parasites,Clinical Notes,use moxidectin advantage multi proheart for heartworm fleas roundworms hookworms whipworms sarcoptic mange ear mites depending on formulationspecies parasites clinical notes
Guinea pig is not moving around its cage much.,Mobility Problems,Owner Observation,guinea pig is not moving around its cage much mobility problems owner observation
Gastric motility issue; prescribe prokinetics.,Digestive Issues,Clinical Notes,gastric motility issue prescribe prokinetics digestive issues clinical notes
"Dog has adult-onset generalized demodicosis, need to check for underlying issues.",Parasites,Owner Observation,dog has adultonset generalized demodicosis need to check for underlying issues parasites owner observation
"My kitten has fleas, I saw them jumping.",Parasites,Owner Observation,my kitten has fleas i saw them jumping parasites owner observation
Dog has developed bald spots on his muzzle and around his eyes.,Parasites,Owner Observation,dog has developed bald spots on his muzzle and around his eyes parasites owner observation
Alopecia and crusting on belly; test for yeast infection.,Skin Irritations,Clinical Notes,alopecia and crusting on belly test for yeast infection skin irritations clinical notes
Fecal direct smear shows motile Giardia trophozoites. Zinc sulfate flotation confirms cysts.,Parasites,Clinical Notes,fecal direct smear shows motile giardia trophozoites zinc sulfate flotation confirms cysts parasites clinical notes
"Skin fragility syndrome in older cat; handle gently, check for underlying conditions (hyperadrenocorticism, diabetes).",Skin Irritations,Clinical Notes,skin fragility syndrome in older cat handle gently check for underlying conditions hyperadrenocorticism diabetes skin irritations clinical notes
"Educate owner on parasite transmission routes (fecal-oral, vectors, transplacental, transmammary).",Parasites,Clinical Notes,educate owner on parasite transmission routes fecaloral vectors transplacental transmammary parasites clinical notes
"Ferret has tiny black specks in its fur, might be dirt or bugs.",Skin Irritations,Owner Observation,ferret has tiny black specks in its fur might be dirt or bugs skin irritations owner observation
My cat doesn't seem to hear me approaching from one side.,Ear Infections,Owner Observation,my cat doesnt seem to hear me approaching from one side ear infections owner observation
Dog has itchy bumps primarily on his back near the tail.,Skin Irritations,Owner Observation,dog has itchy bumps primarily on his back near the tail skin irritations owner observation
"Consider fecal PCR testing for diagnosing difficult parasites (e.g., Tritrichomonas).",Parasites,Clinical Notes,consider fecal pcr testing for diagnosing difficult parasites eg tritrichomonas parasites clinical notes
My dog has lost muscle mass in his hind legs.,Mobility Problems,Owner Observation,my dog has lost muscle mass in his hind legs mobility problems owner observation
"Cat vomited something that looked dark brown, like old blood.",Digestive Issues,Owner Observation,cat vomited something that looked dark brown like old blood digestive issues owner observation
Provide written discharge instructions.,Ear Infections,Clinical Notes,provide written discharge instructions ear infections clinical notes
Acute vomiting and diarrhea; suspect gastroenteritis.,Digestive Issues,Clinical Notes,acute vomiting and diarrhea suspect gastroenteritis digestive issues clinical notes
Urticaria/angioedema likely due to insect sting/bite; administer diphenhydramine and dexamethasone.,Skin Irritations,Clinical Notes,urticariaangioedema likely due to insect stingbite administer diphenhydramine and dexamethasone skin irritations clinical notes
"Dog has black, tar-like stool.",Digestive Issues,Owner Observation,dog has black tarlike stool digestive issues owner observation
"Cat has itchy, crusty lesions on the bridge of her nose.",Skin Irritations,Owner Observation,cat has itchy crusty lesions on the bridge of her nose skin irritations owner observation
Pain elicited on opening mouth fully; may indicate TMJ involvement or referred pain from otitis media.,Ear Infections,Clinical Notes,pain elicited on opening mouth fully may indicate tmj involvement or referred pain from otitis media ear infections clinical notes
Juvenile cellulitis ('puppy strangles') diagnosed; initiate immunosuppressive steroid therapy.,Skin Irritations,Clinical Notes,juvenile cellulitis puppy strangles diagnosed initiate immunosuppressive steroid therapy skin irritations clinical notes
Dog’s ears have a greasy discharge and bad smell.,Ear Infections,Owner Observation,dog’s ears have a greasy discharge and bad smell ear infections owner observation
Arthrocentesis performed; joint fluid analysis pending.,Mobility Problems,Clinical Notes,arthrocentesis performed joint fluid analysis pending mobility problems clinical notes
Cat’s ears are hot and have a yeasty smell.,Ear Infections,Owner Observation,cat’s ears are hot and have a yeasty smell ear infections owner observation
Suspect otitis media secondary to chronic otitis externa based on head tilt and pain.,Ear Infections,Clinical Notes,suspect otitis media secondary to chronic otitis externa based on head tilt and pain ear infections clinical notes
"Recommend environmental modifications (ramps, non-slip flooring, raised feeders, orthopedic bed).",Mobility Problems,Clinical Notes,recommend environmental modifications ramps nonslip flooring raised feeders orthopedic bed mobility problems clinical notes
My cat has developed swelling on her lip.,Skin Irritations,Owner Observation,my cat has developed swelling on her lip skin irritations owner observation
Advise strict confinement to prevent falls/injury in ataxic patients.,Ear Infections,Clinical Notes,advise strict confinement to prevent fallsinjury in ataxic patients ear infections clinical notes
Emphasize that many ear conditions require lifelong management rather than a cure.,Ear Infections,Clinical Notes,emphasize that many ear conditions require lifelong management rather than a cure ear infections clinical notes
Fecal PCR for Tritrichomonas foetus recommended for refractory feline diarrhea.,Digestive Issues,Clinical Notes,fecal pcr for tritrichomonas foetus recommended for refractory feline diarrhea digestive issues clinical notes
My dog likely got tapeworms from ingesting fleas.,Parasites,Owner Observation,my dog likely got tapeworms from ingesting fleas parasites owner observation
My dog has had surgery (TECA) for end-stage ear condition.,Ear Infections,Owner Observation,my dog has had surgery teca for endstage ear condition ear infections owner observation
Unilateral otitis externa in older dog with mass obstructing canal. Biopsy confirms ceruminous gland adenocarcinoma.,Ear Infections,Clinical Notes,unilateral otitis externa in older dog with mass obstructing canal biopsy confirms ceruminous gland adenocarcinoma ear infections clinical notes
My dog is reluctant to go up or down stairs.,Mobility Problems,Owner Observation,my dog is reluctant to go up or down stairs mobility problems owner observation
"Ferret has dark, crusty debris in his ears, likely mites.",Parasites,Owner Observation,ferret has dark crusty debris in his ears likely mites parasites owner observation
Dog tires easily on walks and wants to turn back early.,Mobility Problems,Owner Observation,dog tires easily on walks and wants to turn back early mobility problems owner observation
Pain medication trial initiated to assess response.,Mobility Problems,Clinical Notes,pain medication trial initiated to assess response mobility problems clinical notes
My dog's kneecap pops in and out of place (luxating patella).,Mobility Problems,Owner Observation,my dogs kneecap pops in and out of place luxating patella mobility problems owner observation
My rabbit has sores on its feet and is losing fur there.,Parasites,Owner Observation,my rabbit has sores on its feet and is losing fur there parasites owner observation
"Video otoscopy performed for thorough cleaning, myringotomy, and middle ear flush/culture.",Ear Infections,Clinical Notes,video otoscopy performed for thorough cleaning myringotomy and middle ear flushculture ear infections clinical notes
My cat vomited something that looked like a small worm.,Parasites,Owner Observation,my cat vomited something that looked like a small worm parasites owner observation
Ferret has hind limb paralysis.,Mobility Problems,Owner Observation,ferret has hind limb paralysis mobility problems owner observation
Lymphangiectasia suspected based on ultrasound and hypoalbuminemia.,Digestive Issues,Clinical Notes,lymphangiectasia suspected based on ultrasound and hypoalbuminemia digestive issues clinical notes
"Dog has red, irritated skin and black specks (like dirt) that turn red when wet.",Parasites,Owner Observation,dog has red irritated skin and black specks like dirt that turn red when wet parasites owner observation
"Ferret is anemic, possibly due to fleas.",Parasites,Owner Observation,ferret is anemic possibly due to fleas parasites owner observation
"Cat moves very deliberately, almost like she's walking on eggshells.",Mobility Problems,Owner Observation,cat moves very deliberately almost like shes walking on eggshells mobility problems owner observation
Skin biopsy submitted for histopathology to rule out neoplasia/immune-mediated condition.,Skin Irritations,Clinical Notes,skin biopsy submitted for histopathology to rule out neoplasiaimmunemediated condition skin irritations clinical notes
Bacterial ear infection; start oral antibiotics.,Ear Infections,Clinical Notes,bacterial ear infection start oral antibiotics ear infections clinical notes
"Noticed a thick, dark brown discharge inside my dog's ear flap.",Ear Infections,Owner Observation,noticed a thick dark brown discharge inside my dogs ear flap ear infections owner observation
Positive response to Tensilon (edrophonium chloride) injection supports diagnosis of myasthenia gravis.,Mobility Problems,Clinical Notes,positive response to tensilon edrophonium chloride injection supports diagnosis of myasthenia gravis mobility problems clinical notes
Puppy cries and tries to bite when I touch near his left ear.,Ear Infections,Owner Observation,puppy cries and tries to bite when i touch near his left ear ear infections owner observation
My cat's fur along her spine looks greasy and matted.,Skin Irritations,Owner Observation,my cats fur along her spine looks greasy and matted skin irritations owner observation
Schedule follow-up appointment to monitor progress.,Mobility Problems,Clinical Notes,schedule followup appointment to monitor progress mobility problems clinical notes
The opening to my dog's ear canal looks swollen almost closed.,Ear Infections,Owner Observation,the opening to my dogs ear canal looks swollen almost closed ear infections owner observation
"Stress importance of completing entire course of antibiotics/antifungals, even if ears look better.",Ear Infections,Clinical Notes,stress importance of completing entire course of antibioticsantifungals even if ears look better ear infections clinical notes
Fecal Giardia antigen test performed using SNAP or ELISA method.,Parasites,Clinical Notes,fecal giardia antigen test performed using snap or elisa method parasites clinical notes
"Recommend highly digestible therapeutic diet (e.g., Hill's i/d, Royal Canin GI).",Digestive Issues,Clinical Notes,recommend highly digestible therapeutic diet eg hills id royal canin gi digestive issues clinical notes
Cat is rubbing the side of her head on the floor and furniture.,Ear Infections,Owner Observation,cat is rubbing the side of her head on the floor and furniture ear infections owner observation
Dog has a hematoma that keeps refilling after being drained.,Ear Infections,Owner Observation,dog has a hematoma that keeps refilling after being drained ear infections owner observation
"Provide detailed estimate covering costs of diagnostics (radiographs, bloodwork, MRI) and potential treatments (medications, surgery, rehab).",Mobility Problems,Clinical Notes,provide detailed estimate covering costs of diagnostics radiographs bloodwork mri and potential treatments medications surgery rehab mobility problems clinical notes
Cat is grooming her belly so much it's almost bald.,Parasites,Owner Observation,cat is grooming her belly so much its almost bald parasites owner observation
Teach owner passive range of motion (PROM) exercises and massage techniques.,Mobility Problems,Clinical Notes,teach owner passive range of motion prom exercises and massage techniques mobility problems clinical notes
Dog has small blood spots on the skin where he's been scratching.,Skin Irritations,Owner Observation,dog has small blood spots on the skin where hes been scratching skin irritations owner observation
"Skin fragility syndrome noted in older cat; handle with care, check for hyperadrenocorticism.",Skin Irritations,Clinical Notes,skin fragility syndrome noted in older cat handle with care check for hyperadrenocorticism skin irritations clinical notes
No evidence of ectoparasites on thorough examination.,Skin Irritations,Clinical Notes,no evidence of ectoparasites on thorough examination skin irritations clinical notes
Cutaneous trunci reflex absent caudal to L1 dermatome.,Mobility Problems,Clinical Notes,cutaneous trunci reflex absent caudal to l dermatome mobility problems clinical notes
Palpable 'sausage-like' mass in mid-abdomen; ultrasound confirms intussusception. Surgical correction required.,Digestive Issues,Clinical Notes,palpable sausagelike mass in midabdomen ultrasound confirms intussusception surgical correction required digestive issues clinical notes
Recommend advanced imaging (CT scan) to evaluate extent of middle/inner ear involvement and rule out neoplasia.,Ear Infections,Clinical Notes,recommend advanced imaging ct scan to evaluate extent of middleinner ear involvement and rule out neoplasia ear infections clinical notes
Rabbit is shaking its head and scratching behind the ears.,Parasites,Owner Observation,rabbit is shaking its head and scratching behind the ears parasites owner observation
The discharge from the ear is bloody.,Ear Infections,Owner Observation,the discharge from the ear is bloody ear infections owner observation
Giardia antigen test positive; prescribe fenbendazole.,Digestive Issues,Clinical Notes,giardia antigen test positive prescribe fenbendazole digestive issues clinical notes
Direct fecal smear performed to look for motile trophozoites (Giardia).,Parasites,Clinical Notes,direct fecal smear performed to look for motile trophozoites giardia parasites clinical notes
"Dog has very dark, almost black stool.",Digestive Issues,Owner Observation,dog has very dark almost black stool digestive issues owner observation
"Horner's syndrome (miosis, ptosis, enophthalmos) noted; likely due to middle ear pathology.",Ear Infections,Clinical Notes,horners syndrome miosis ptosis enophthalmos noted likely due to middle ear pathology ear infections clinical notes
"My dog's joints seem swollen, especially his knees.",Mobility Problems,Owner Observation,my dogs joints seem swollen especially his knees mobility problems owner observation
My dog sometimes walks on the top of his paw instead of the pad.,Mobility Problems,Owner Observation,my dog sometimes walks on the top of his paw instead of the pad mobility problems owner observation
"Guinea pig has Trixacarus mange, causing intense itching and seizures.",Parasites,Owner Observation,guinea pig has trixacarus mange causing intense itching and seizures parasites owner observation
My hamster is scratching behind its ears constantly.,Skin Irritations,Owner Observation,my hamster is scratching behind its ears constantly skin irritations owner observation
"Hepatic encephalopathy suspected due to neurological signs (head pressing, disorientation) and liver dysfunction (elevated bile acids).",Digestive Issues,Clinical Notes,hepatic encephalopathy suspected due to neurological signs head pressing disorientation and liver dysfunction elevated bile acids digestive issues clinical notes
"Ferret seems weak in his back legs, dragging them slightly.",Mobility Problems,Owner Observation,ferret seems weak in his back legs dragging them slightly mobility problems owner observation
Plasma cell pododermatitis ('pillow foot') diagnosed in cat.,Skin Irritations,Clinical Notes,plasma cell pododermatitis pillow foot diagnosed in cat skin irritations clinical notes
"My dog gets ear infections constantly, vet thinks mites might be involved.",Parasites,Owner Observation,my dog gets ear infections constantly vet thinks mites might be involved parasites owner observation
Cat has difficulty grooming her back.,Mobility Problems,Owner Observation,cat has difficulty grooming her back mobility problems owner observation
Puppy vomited undigested food several hours after eating.,Digestive Issues,Owner Observation,puppy vomited undigested food several hours after eating digestive issues owner observation
"Melena reported by owner; confirmed on rectal thermometer. Indicates upper GI bleeding. Start gastroprotectants (famotidine/omeprazole, sucralfate).",Digestive Issues,Clinical Notes,melena reported by owner confirmed on rectal thermometer indicates upper gi bleeding start gastroprotectants famotidineomeprazole sucralfate digestive issues clinical notes
My cat has a drooping eyelid and smaller pupil on the same side as the head tilt.,Ear Infections,Owner Observation,my cat has a drooping eyelid and smaller pupil on the same side as the head tilt ear infections owner observation
My senior dog is having trouble getting up from his bed.,Mobility Problems,Owner Observation,my senior dog is having trouble getting up from his bed mobility problems owner observation
"Dog strains to defecate, only producing small amounts of liquid.",Digestive Issues,Owner Observation,dog strains to defecate only producing small amounts of liquid digestive issues owner observation
Ferret has orange-ish discoloration of the skin.,Skin Irritations,Owner Observation,ferret has orangeish discoloration of the skin skin irritations owner observation
Seborrhea oleosa diagnosed; recommend medicated shampoo with benzoyl peroxide.,Skin Irritations,Clinical Notes,seborrhea oleosa diagnosed recommend medicated shampoo with benzoyl peroxide skin irritations clinical notes
Prescribe metronidazole for Giardia infection (off-label use).,Parasites,Clinical Notes,prescribe metronidazole for giardia infection offlabel use parasites clinical notes
My cat has a history of ear polyps.,Ear Infections,Owner Observation,my cat has a history of ear polyps ear infections owner observation
"Discuss potential side effects of medications (e.g., steroids, Apoquel).",Skin Irritations,Clinical Notes,discuss potential side effects of medications eg steroids apoquel skin irritations clinical notes
"Discuss surgical options for CCL rupture (TPLO, TTA, lateral suture) vs. medical management.",Mobility Problems,Clinical Notes,discuss surgical options for ccl rupture tplo tta lateral suture vs medical management mobility problems clinical notes
"My puppy seems unsteady on his feet, like the room is spinning.",Ear Infections,Owner Observation,my puppy seems unsteady on his feet like the room is spinning ear infections owner observation
"Radiographs show shallow acetabula, femoral head subluxation, and severe DJD consistent with chronic hip dysplasia.",Mobility Problems,Clinical Notes,radiographs show shallow acetabula femoral head subluxation and severe djd consistent with chronic hip dysplasia mobility problems clinical notes
"Dog trembles sometimes, especially his back legs, when standing.",Mobility Problems,Owner Observation,dog trembles sometimes especially his back legs when standing mobility problems owner observation
"Dog is intensely itchy, especially on his elbows and ear margins.",Parasites,Owner Observation,dog is intensely itchy especially on his elbows and ear margins parasites owner observation
"My dog drags his back toenails sometimes, making a scraping sound.",Mobility Problems,Owner Observation,my dog drags his back toenails sometimes making a scraping sound mobility problems owner observation
Otitis externa frequently secondary to underlying primary cause.,Ear Infections,Clinical Notes,otitis externa frequently secondary to underlying primary cause ear infections clinical notes
Recommend testing for tick-borne conditions 4-6 weeks after tick exposure.,Parasites,Clinical Notes,recommend testing for tickborne conditions weeks after tick exposure parasites clinical notes
Rule out trauma as cause of aural hematoma.,Ear Infections,Clinical Notes,rule out trauma as cause of aural hematoma ear infections clinical notes
"Dog has thickened, elephant-like skin in chronically itchy areas.",Skin Irritations,Owner Observation,dog has thickened elephantlike skin in chronically itchy areas skin irritations owner observation
Excoriated sores on back; rule out bacterial infection.,Skin Irritations,Clinical Notes,excoriated sores on back rule out bacterial infection skin irritations clinical notes
"Moderate regenerative anemia (PCV 25%, reticulocytes elevated) likely due to chronic hookworm infestation.",Parasites,Clinical Notes,moderate regenerative anemia pcv reticulocytes elevated likely due to chronic hookworm infestation parasites clinical notes
Feline panleukopenia suspected in unvaccinated kitten with severe V/D.,Digestive Issues,Clinical Notes,feline panleukopenia suspected in unvaccinated kitten with severe vd digestive issues clinical notes
Pet struggles to get up from lying down.,Mobility Problems,Owner Observation,pet struggles to get up from lying down mobility problems owner observation
Severe otitis externa in rabbit due to Psoroptes cuniculi. Treat with ivermectin or selamectin. Do not manually remove crusts initially.,Parasites,Clinical Notes,severe otitis externa in rabbit due to psoroptes cuniculi treat with ivermectin or selamectin do not manually remove crusts initially parasites clinical notes
My rabbit has redness and swelling around its genitals.,Skin Irritations,Owner Observation,my rabbit has redness and swelling around its genitals skin irritations owner observation
"Cat’s back has pink, weepy sores from scratching.",Skin Irritations,Owner Observation,cat’s back has pink weepy sores from scratching skin irritations owner observation
Gastritis with bile reflux; prescribe sucralfate.,Digestive Issues,Clinical Notes,gastritis with bile reflux prescribe sucralfate digestive issues clinical notes
Wood's lamp examination negative for Microsporum canis fluorescence.,Skin Irritations,Clinical Notes,woods lamp examination negative for microsporum canis fluorescence skin irritations clinical notes
"Discuss potential risks of TECA surgery including facial nerve damage, Horner's syndrome, abscess formation.",Ear Infections,Clinical Notes,discuss potential risks of teca surgery including facial nerve damage horners syndrome abscess formation ear infections clinical notes
Otodectes cynotis infestation causing secondary bacterial otitis.,Skin Irritations,Clinical Notes,otodectes cynotis infestation causing secondary bacterial otitis skin irritations clinical notes
My ferret seems itchy all over.,Parasites,Owner Observation,my ferret seems itchy all over parasites owner observation
"Cat keeps retching like she needs to cough up a hairball, but doesn't.",Digestive Issues,Owner Observation,cat keeps retching like she needs to cough up a hairball but doesnt digestive issues owner observation
My dog ate chicken bones and is now lethargic and straining.,Digestive Issues,Owner Observation,my dog ate chicken bones and is now lethargic and straining digestive issues owner observation
My puppy has debris in his ears that looks like coffee grounds.,Ear Infections,Owner Observation,my puppy has debris in his ears that looks like coffee grounds ear infections owner observation
"My cat seems dizzy, stumbling and walking in circles.",Ear Infections,Owner Observation,my cat seems dizzy stumbling and walking in circles ear infections owner observation
Sarcoptic mange; prescribe oral ivermectin.,Parasites,Clinical Notes,sarcoptic mange prescribe oral ivermectin parasites clinical notes
"Myiasis present in neglected wound; clean, debride, remove larvae.",Skin Irritations,Clinical Notes,myiasis present in neglected wound clean debride remove larvae skin irritations clinical notes
Cat seems painful when the vet manipulates her legs.,Mobility Problems,Owner Observation,cat seems painful when the vet manipulates her legs mobility problems owner observation
My rabbit’s ears are red and smell unpleasant.,Ear Infections,Owner Observation,my rabbit’s ears are red and smell unpleasant ear infections owner observation
Referral for neurological consultation/advanced imaging (MRI/CT) recommended for suspected IVDD/spinal cord condition.,Mobility Problems,Clinical Notes,referral for neurological consultationadvanced imaging mrict recommended for suspected ivddspinal cord condition mobility problems clinical notes
"Ferret has green, slimy diarrhea.",Digestive Issues,Owner Observation,ferret has green slimy diarrhea digestive issues owner observation
My cat misses jumps sometimes.,Mobility Problems,Owner Observation,my cat misses jumps sometimes mobility problems owner observation
Dog has inflammation extending to the outside of the ear flap.,Ear Infections,Owner Observation,dog has inflammation extending to the outside of the ear flap ear infections owner observation
My dog seems to lose his balance easily.,Mobility Problems,Owner Observation,my dog seems to lose his balance easily mobility problems owner observation
Crusting lesions on pinnal margins; suspect sarcoptic mange or vasculitis.,Skin Irritations,Clinical Notes,crusting lesions on pinnal margins suspect sarcoptic mange or vasculitis skin irritations clinical notes
Discontinue any NSAIDs that could be causing GI upset.,Digestive Issues,Clinical Notes,discontinue any nsaids that could be causing gi upset digestive issues clinical notes
"Cat vomits undigested food about once a week, seems fine otherwise.",Digestive Issues,Owner Observation,cat vomits undigested food about once a week seems fine otherwise digestive issues owner observation
Puppy has mild redness in both ears.,Ear Infections,Owner Observation,puppy has mild redness in both ears ear infections owner observation
Coccidia confirmed; prescribe sulfa drugs.,Parasites,Clinical Notes,coccidia confirmed prescribe sulfa drugs parasites clinical notes
Post-operative monitoring for ileus.,Digestive Issues,Clinical Notes,postoperative monitoring for ileus digestive issues clinical notes
My cat vomited a worm.,Digestive Issues,Owner Observation,my cat vomited a worm digestive issues owner observation
Cruciate tear suspected; stabilize and refer.,Mobility Problems,Clinical Notes,cruciate tear suspected stabilize and refer mobility problems clinical notes
My hamster is losing patches of fur and scratching.,Parasites,Owner Observation,my hamster is losing patches of fur and scratching parasites owner observation
My cat has ear mites again.,Parasites,Owner Observation,my cat has ear mites again parasites owner observation
"Differentials for vestibular signs: Peripheral (otitis interna, idiopathic vestibular condition) vs. Central (brainstem lesion).",Ear Infections,Clinical Notes,differentials for vestibular signs peripheral otitis interna idiopathic vestibular condition vs central brainstem lesion ear infections clinical notes
Discuss humane euthanasia if quality of life is poor and pain is refractory.,Mobility Problems,Clinical Notes,discuss humane euthanasia if quality of life is poor and pain is refractory mobility problems clinical notes
Cat is constantly licking at her knee joint.,Mobility Problems,Owner Observation,cat is constantly licking at her knee joint mobility problems owner observation
Dog started holding up his back right leg after chasing a squirrel.,Mobility Problems,Owner Observation,dog started holding up his back right leg after chasing a squirrel mobility problems owner observation
"My puppy is a breed with heavy, floppy ears that don't get good airflow.",Ear Infections,Owner Observation,my puppy is a breed with heavy floppy ears that dont get good airflow ear infections owner observation
My dog has arthritis diagnosed by the vet.,Mobility Problems,Owner Observation,my dog has arthritis diagnosed by the vet mobility problems owner observation
Gastric irritation; start famotidine therapy.,Digestive Issues,Clinical Notes,gastric irritation start famotidine therapy digestive issues clinical notes
Cranial drawer test equivocal; tibial compression test positive LH stifle. Probable CCL tear.,Mobility Problems,Clinical Notes,cranial drawer test equivocal tibial compression test positive lh stifle probable ccl tear mobility problems clinical notes
Cuterebra larva removed from subcutaneous swelling.,Parasites,Clinical Notes,cuterebra larva removed from subcutaneous swelling parasites clinical notes
Pythiosis suspected based on GI thickening and regional lymphadenopathy.,Digestive Issues,Clinical Notes,pythiosis suspected based on gi thickening and regional lymphadenopathy digestive issues clinical notes
Hamster has hair loss around its scent glands.,Skin Irritations,Owner Observation,hamster has hair loss around its scent glands skin irritations owner observation
Diarrhea with mucus; test for giardia.,Digestive Issues,Clinical Notes,diarrhea with mucus test for giardia digestive issues clinical notes
Cat likely has a muscle sprain or strain causing limping.,Mobility Problems,Owner Observation,cat likely has a muscle sprain or strain causing limping mobility problems owner observation
My bird is lethargic and its droppings look abnormal.,Parasites,Owner Observation,my bird is lethargic and its droppings look abnormal parasites owner observation
My rabbit has developed a swelling near the base of its ear.,Ear Infections,Owner Observation,my rabbit has developed a swelling near the base of its ear ear infections owner observation
My rabbit has fly eggs visible on its soiled rear end.,Skin Irritations,Owner Observation,my rabbit has fly eggs visible on its soiled rear end skin irritations owner observation
"My puppy has persistent diarrhea, vet found coccidia.",Parasites,Owner Observation,my puppy has persistent diarrhea vet found coccidia parasites owner observation
Prescribe ponazuril for Coccidia treatment.,Parasites,Clinical Notes,prescribe ponazuril for coccidia treatment parasites clinical notes
"Cat is scratching near, but not directly in, the ear.",Ear Infections,Owner Observation,cat is scratching near but not directly in the ear ear infections owner observation
Cat has a middle ear infection causing neurological signs.,Ear Infections,Owner Observation,cat has a middle ear infection causing neurological signs ear infections owner observation
Cat has developed a head tilt suddenly.,Ear Infections,Owner Observation,cat has developed a head tilt suddenly ear infections owner observation
"Prescribe systemic antibiotics (e.g., cephalexin, clindamycin) for deep pyoderma.",Skin Irritations,Clinical Notes,prescribe systemic antibiotics eg cephalexin clindamycin for deep pyoderma skin irritations clinical notes
"Ferret has dark, coffee ground-like debris in his ears.",Ear Infections,Owner Observation,ferret has dark coffee groundlike debris in his ears ear infections owner observation
My cat has difficulty swallowing.,Digestive Issues,Owner Observation,my cat has difficulty swallowing digestive issues owner observation
Educate owner on recognizing early signs of skin infection.,Skin Irritations,Clinical Notes,educate owner on recognizing early signs of skin infection skin irritations clinical notes
"Dog raided the kitchen bin last night, now has terrible diarrhea.",Digestive Issues,Owner Observation,dog raided the kitchen bin last night now has terrible diarrhea digestive issues owner observation
"Ferret has waxy debris, possibly ear mites.",Ear Infections,Owner Observation,ferret has waxy debris possibly ear mites ear infections owner observation
"Ferret has very thick, dark, waxy buildup in both ears.",Ear Infections,Owner Observation,ferret has very thick dark waxy buildup in both ears ear infections owner observation
Rabbit has ear mites causing head tilt.,Parasites,Owner Observation,rabbit has ear mites causing head tilt parasites owner observation
"Prescribe systemic antibiotics (e.g., clindamycin, enrofloxacin) for suspected otitis media.",Ear Infections,Clinical Notes,prescribe systemic antibiotics eg clindamycin enrofloxacin for suspected otitis media ear infections clinical notes
Puppy got water in his ears playing with the hose.,Ear Infections,Owner Observation,puppy got water in his ears playing with the hose ear infections owner observation
Calculate RER and adjust caloric intake to achieve/maintain ideal body weight.,Mobility Problems,Clinical Notes,calculate rer and adjust caloric intake to achievemaintain ideal body weight mobility problems clinical notes
Generalized erythema and pruritus noted; suspect atopic dermatitis.,Skin Irritations,Clinical Notes,generalized erythema and pruritus noted suspect atopic dermatitis skin irritations clinical notes
My dog has Legg-Calve-Perthes condition.,Mobility Problems,Owner Observation,my dog has leggcalveperthes condition mobility problems owner observation
"My finch is wheezing and clicking, suspect air sac mites.",Parasites,Owner Observation,my finch is wheezing and clicking suspect air sac mites parasites owner observation
Cat vomited what looks like coffee grounds.,Digestive Issues,Owner Observation,cat vomited what looks like coffee grounds digestive issues owner observation
Administer tramadol for breakthrough pain.,Mobility Problems,Clinical Notes,administer tramadol for breakthrough pain mobility problems clinical notes
Rhipicephalus sanguineus tick removed. Discuss Ehrlichia/Babesia prevention.,Parasites,Clinical Notes,rhipicephalus sanguineus tick removed discuss ehrlichiababesia prevention parasites clinical notes
Recommend Cytopoint injection for canine atopic dermatitis.,Skin Irritations,Clinical Notes,recommend cytopoint injection for canine atopic dermatitis skin irritations clinical notes
"My bird has air sac mites, causing breathing difficulty.",Parasites,Owner Observation,my bird has air sac mites causing breathing difficulty parasites owner observation
Provide handout on heartworm condition.,Parasites,Clinical Notes,provide handout on heartworm condition parasites clinical notes
Cat's paws are swollen and red.,Skin Irritations,Owner Observation,cats paws are swollen and red skin irritations owner observation
"Medical management of CCL tear includes weight loss, activity modification, NSAIDs, and physical therapy.",Mobility Problems,Clinical Notes,medical management of ccl tear includes weight loss activity modification nsaids and physical therapy mobility problems clinical notes
Otodectes cynotis (ear mites) identified on microscopic examination of debris.,Ear Infections,Clinical Notes,otodectes cynotis ear mites identified on microscopic examination of debris ear infections clinical notes
Pain management crucial; prescribe NSAIDs or other analgesics.,Ear Infections,Clinical Notes,pain management crucial prescribe nsaids or other analgesics ear infections clinical notes
Monitor for systemic signs of illness with severe infections.,Ear Infections,Clinical Notes,monitor for systemic signs of illness with severe infections ear infections clinical notes
Dog has yeast overgrowth in his ears.,Ear Infections,Owner Observation,dog has yeast overgrowth in his ears ear infections owner observation
Kitten has persistent diarrhea despite deworming.,Parasites,Owner Observation,kitten has persistent diarrhea despite deworming parasites owner observation
Staging for suspected osteosarcoma: Thoracic radiographs (3 views) show no evidence of pulmonary metastasis.,Mobility Problems,Clinical Notes,staging for suspected osteosarcoma thoracic radiographs views show no evidence of pulmonary metastasis mobility problems clinical notes
Serum allergy testing (IgE) performed; results pending.,Skin Irritations,Clinical Notes,serum allergy testing ige performed results pending skin irritations clinical notes
"Monitor for development of secondary infections (bacterial, yeast).",Skin Irritations,Clinical Notes,monitor for development of secondary infections bacterial yeast skin irritations clinical notes
"Superficial skin scraping positive for Sarcoptes scabiei var. canis mites and eggs. Highly contagious, zoonotic potential.",Parasites,Clinical Notes,superficial skin scraping positive for sarcoptes scabiei var canis mites and eggs highly contagious zoonotic potential parasites clinical notes
My cat vomited pinkish foam.,Digestive Issues,Owner Observation,my cat vomited pinkish foam digestive issues owner observation
My guinea pig is scratching so much it has open sores.,Parasites,Owner Observation,my guinea pig is scratching so much it has open sores parasites owner observation
Canine facial eosinophilic furunculosis suspected based on acute onset muzzle swelling/lesions.,Skin Irritations,Clinical Notes,canine facial eosinophilic furunculosis suspected based on acute onset muzzle swellinglesions skin irritations clinical notes
My dog gets diarrhea whenever we have visitors or travel.,Digestive Issues,Owner Observation,my dog gets diarrhea whenever we have visitors or travel digestive issues owner observation
My dog's ear infection seemed better but came right back after stopping meds.,Ear Infections,Owner Observation,my dogs ear infection seemed better but came right back after stopping meds ear infections owner observation
Facial nerve paralysis present; assess prognosis for recovery.,Ear Infections,Clinical Notes,facial nerve paralysis present assess prognosis for recovery ear infections clinical notes
Facial fold pyoderma; advise owner on daily cleaning and hygiene.,Skin Irritations,Clinical Notes,facial fold pyoderma advise owner on daily cleaning and hygiene skin irritations clinical notes
"Check for electrolyte abnormalities (hypokalemia, hyponatremia).",Digestive Issues,Clinical Notes,check for electrolyte abnormalities hypokalemia hyponatremia digestive issues clinical notes
Cat suddenly refuses to eat her usual food.,Digestive Issues,Owner Observation,cat suddenly refuses to eat her usual food digestive issues owner observation
My dog has hives that appear and disappear quickly.,Skin Irritations,Owner Observation,my dog has hives that appear and disappear quickly skin irritations owner observation
"Guinea pig seems weak and is losing weight, maybe internal parasites?",Parasites,Owner Observation,guinea pig seems weak and is losing weight maybe internal parasites parasites owner observation
"Ferret is lethargic and not eating, vomited once.",Digestive Issues,Owner Observation,ferret is lethargic and not eating vomited once digestive issues owner observation
My dog stumbles frequently.,Mobility Problems,Owner Observation,my dog stumbles frequently mobility problems owner observation
My dog's ear problems always seem worse during allergy season.,Ear Infections,Owner Observation,my dogs ear problems always seem worse during allergy season ear infections owner observation
Myelogram reveals extradural spinal cord compression at T13-L1.,Mobility Problems,Clinical Notes,myelogram reveals extradural spinal cord compression at tl mobility problems clinical notes
Provide clear written estimate outlining costs for proposed diagnostic and treatment plan.,Digestive Issues,Clinical Notes,provide clear written estimate outlining costs for proposed diagnostic and treatment plan digestive issues clinical notes
"My kitten is covered in fleas, they are crawling all over.",Parasites,Owner Observation,my kitten is covered in fleas they are crawling all over parasites owner observation
Roundworm infection; start pyrantel therapy.,Parasites,Clinical Notes,roundworm infection start pyrantel therapy parasites clinical notes
My dog keeps gulping and seems uncomfortable after eating.,Digestive Issues,Owner Observation,my dog keeps gulping and seems uncomfortable after eating digestive issues owner observation
My cat has symmetrical hair loss on both flanks.,Skin Irritations,Owner Observation,my cat has symmetrical hair loss on both flanks skin irritations owner observation
Rabbit has spondylosis.,Mobility Problems,Owner Observation,rabbit has spondylosis mobility problems owner observation
Giardia ELISA test positive. Initiate fenbendazole therapy and advise environmental decontamination.,Digestive Issues,Clinical Notes,giardia elisa test positive initiate fenbendazole therapy and advise environmental decontamination digestive issues clinical notes
Chronic arthritis; start laser therapy.,Mobility Problems,Clinical Notes,chronic arthritis start laser therapy mobility problems clinical notes
Cat has crusty ear tips.,Ear Infections,Owner Observation,cat has crusty ear tips ear infections owner observation
The skin inside my dog's ear canals looks bright red and sore.,Ear Infections,Owner Observation,the skin inside my dogs ear canals looks bright red and sore ear infections owner observation
Fecal flotation negative for ova and parasites.,Digestive Issues,Clinical Notes,fecal flotation negative for ova and parasites digestive issues clinical notes
My dog sometimes trips over his own feet.,Mobility Problems,Owner Observation,my dog sometimes trips over his own feet mobility problems owner observation
"Use selamectin (Revolution) for fleas, heartworm, ear mites, sarcoptic mange, some ticks, roundworms, hookworms (depending on species).",Parasites,Clinical Notes,use selamectin revolution for fleas heartworm ear mites sarcoptic mange some ticks roundworms hookworms depending on species parasites clinical notes
My rabbit has bald patches on its nose from rubbing the cage.,Skin Irritations,Owner Observation,my rabbit has bald patches on its nose from rubbing the cage skin irritations owner observation
Yeast otitis confirmed; prescribe miconazole drops.,Ear Infections,Clinical Notes,yeast otitis confirmed prescribe miconazole drops ear infections clinical notes
Hamster's skin looks red and irritated inside its cheek pouches.,Skin Irritations,Owner Observation,hamsters skin looks red and irritated inside its cheek pouches skin irritations owner observation
"My dog's paw pads feel rough and crusty, almost like horns.",Skin Irritations,Owner Observation,my dogs paw pads feel rough and crusty almost like horns skin irritations owner observation
My cat has bald patches above her eyes.,Skin Irritations,Owner Observation,my cat has bald patches above her eyes skin irritations owner observation
"Differentiate Taenia vs. Dipylidium proglottids if possible (Dipylidium motile, Taenia rectangular).",Parasites,Clinical Notes,differentiate taenia vs dipylidium proglottids if possible dipylidium motile taenia rectangular parasites clinical notes
"Discuss use of supportive harnesses (e.g., Help'EmUp) or custom carts/wheelchairs for non-ambulatory patients.",Mobility Problems,Clinical Notes,discuss use of supportive harnesses eg helpemup or custom cartswheelchairs for nonambulatory patients mobility problems clinical notes
"Vestibular signs (nystagmus, ataxia, head tilt) present; rule out otitis interna vs. central causes.",Ear Infections,Clinical Notes,vestibular signs nystagmus ataxia head tilt present rule out otitis interna vs central causes ear infections clinical notes
Chemotherapy protocol discussed for osteosarcoma.,Mobility Problems,Clinical Notes,chemotherapy protocol discussed for osteosarcoma mobility problems clinical notes
Serum folate levels checked to assess proximal small intestinal function.,Digestive Issues,Clinical Notes,serum folate levels checked to assess proximal small intestinal function digestive issues clinical notes
Dog's ear infection smells like Pseudomonas (sickly sweet).,Ear Infections,Owner Observation,dogs ear infection smells like pseudomonas sickly sweet ear infections owner observation
Joint stiffness; prescribe weight loss plan.,Mobility Problems,Clinical Notes,joint stiffness prescribe weight loss plan mobility problems clinical notes
Post-operative care instructions provided for TECA-BO.,Ear Infections,Clinical Notes,postoperative care instructions provided for tecabo ear infections clinical notes
"Muscle atrophy noted in hind limbs, particularly quadriceps and gluteals.",Mobility Problems,Clinical Notes,muscle atrophy noted in hind limbs particularly quadriceps and gluteals mobility problems clinical notes
Assess for neurological signs associated with aberrant parasite migration.,Parasites,Clinical Notes,assess for neurological signs associated with aberrant parasite migration parasites clinical notes
"Chronic history of intermittent vomiting and weight loss in older feline. Differentials include IBD, lymphoma, hyperthyroidism.",Digestive Issues,Clinical Notes,chronic history of intermittent vomiting and weight loss in older feline differentials include ibd lymphoma hyperthyroidism digestive issues clinical notes
"Dog has dry, brittle fur and flaky skin.",Skin Irritations,Owner Observation,dog has dry brittle fur and flaky skin skin irritations owner observation
Kidney values elevated; assess hydration and rule out primary renal condition.,Digestive Issues,Clinical Notes,kidney values elevated assess hydration and rule out primary renal condition digestive issues clinical notes
Instruct owner on proper technique for manual bladder expression.,Mobility Problems,Clinical Notes,instruct owner on proper technique for manual bladder expression mobility problems clinical notes
Ferret has crusty skin around its eyes and chin.,Skin Irritations,Owner Observation,ferret has crusty skin around its eyes and chin skin irritations owner observation
Rabbit is lethargic and dehydrated (skin tents when pinched).,Digestive Issues,Owner Observation,rabbit is lethargic and dehydrated skin tents when pinched digestive issues owner observation
"Acute moist dermatitis ('hot spot') noted in right cervical region; clip, clean, initiate topical therapy.",Skin Irritations,Clinical Notes,acute moist dermatitis hot spot noted in right cervical region clip clean initiate topical therapy skin irritations clinical notes
Rabbit has severe crusting in ears diagnosed as mites.,Ear Infections,Owner Observation,rabbit has severe crusting in ears diagnosed as mites ear infections owner observation
"Chronic changes noted in ear canal: hyperplasia, stenosis, calcification.",Ear Infections,Clinical Notes,chronic changes noted in ear canal hyperplasia stenosis calcification ear infections clinical notes
My puppy seems bloated and is trying to vomit but nothing comes up.,Digestive Issues,Owner Observation,my puppy seems bloated and is trying to vomit but nothing comes up digestive issues owner observation
Hamster has wetness and staining around its tail.,Skin Irritations,Owner Observation,hamster has wetness and staining around its tail skin irritations owner observation
"Rabbit's fur is matted, and the skin underneath looks irritated and flaky.",Parasites,Owner Observation,rabbits fur is matted and the skin underneath looks irritated and flaky parasites owner observation
"Neurological exam: Conscious proprioceptive deficits x 4 limbs, UMN signs hind limbs, neck pain on ventral flexion. Suspect cervical lesion.",Mobility Problems,Clinical Notes,neurological exam conscious proprioceptive deficits x limbs umn signs hind limbs neck pain on ventral flexion suspect cervical lesion mobility problems clinical notes
"Fecal culture positive for Salmonella spp.; reportable condition, discuss zoonotic risk, treat if systemic signs.",Digestive Issues,Clinical Notes,fecal culture positive for salmonella spp reportable condition discuss zoonotic risk treat if systemic signs digestive issues clinical notes
Guinea pig is dragging its hind end.,Mobility Problems,Owner Observation,guinea pig is dragging its hind end mobility problems owner observation
Monitor urine output as indicator of hydration and kidney function.,Digestive Issues,Clinical Notes,monitor urine output as indicator of hydration and kidney function digestive issues clinical notes
Spinal palpation elicits pain in thoracolumbar region; suspect intervertebral disc condition (IVDD).,Mobility Problems,Clinical Notes,spinal palpation elicits pain in thoracolumbar region suspect intervertebral disc condition ivdd mobility problems clinical notes
My cat is sensitive to being petted along her back.,Skin Irritations,Owner Observation,my cat is sensitive to being petted along her back skin irritations owner observation
Puppy has pustules and redness on his chin and muzzle.,Skin Irritations,Owner Observation,puppy has pustules and redness on his chin and muzzle skin irritations owner observation
My dog is trying to eat grass frantically.,Digestive Issues,Owner Observation,my dog is trying to eat grass frantically digestive issues owner observation
My rabbit is scratching its chin and neck area frequently.,Skin Irritations,Owner Observation,my rabbit is scratching its chin and neck area frequently skin irritations owner observation
Dysbiosis likely contributing to chronic diarrhea.,Digestive Issues,Clinical Notes,dysbiosis likely contributing to chronic diarrhea digestive issues clinical notes
Multiple lipomas palpated in subcutaneous tissue; monitor size and number.,Skin Irritations,Clinical Notes,multiple lipomas palpated in subcutaneous tissue monitor size and number skin irritations clinical notes
"Dog's ear infection has a particularly nasty, 'rotten' smell.",Ear Infections,Owner Observation,dogs ear infection has a particularly nasty rotten smell ear infections owner observation
My cat has both fleas and tapeworm segments.,Parasites,Owner Observation,my cat has both fleas and tapeworm segments parasites owner observation
Discuss importance of treating all pets in household for fleas/mites.,Parasites,Clinical Notes,discuss importance of treating all pets in household for fleasmites parasites clinical notes
Cat has thinning hair around her eyes and face.,Parasites,Owner Observation,cat has thinning hair around her eyes and face parasites owner observation
Ununited anconeal process (UAP) visible on flexed lateral elbow radiograph.,Mobility Problems,Clinical Notes,ununited anconeal process uap visible on flexed lateral elbow radiograph mobility problems clinical notes
My dog's skin looks bruised in areas without any known trauma.,Skin Irritations,Owner Observation,my dogs skin looks bruised in areas without any known trauma skin irritations owner observation
My ferret's ears look red inside.,Ear Infections,Owner Observation,my ferrets ears look red inside ear infections owner observation
"My bird is restless and picking at its feathers, I think I see tiny bugs.",Parasites,Owner Observation,my bird is restless and picking at its feathers i think i see tiny bugs parasites owner observation
"Dog has severe flea infestation, requiring immediate intervention.",Parasites,Owner Observation,dog has severe flea infestation requiring immediate intervention parasites owner observation
"Noticed some creamy, yellow discharge draining from my puppy's ear.",Ear Infections,Owner Observation,noticed some creamy yellow discharge draining from my puppys ear ear infections owner observation
My dog's nails are scuffing the ground when he walks.,Mobility Problems,Owner Observation,my dogs nails are scuffing the ground when he walks mobility problems owner observation
My dog has bad breath that smells like feces.,Digestive Issues,Owner Observation,my dog has bad breath that smells like feces digestive issues owner observation
Dog has diarrhea containing undigested food particles.,Digestive Issues,Owner Observation,dog has diarrhea containing undigested food particles digestive issues owner observation
My lovebird is chewing its feathers down to the skin.,Parasites,Owner Observation,my lovebird is chewing its feathers down to the skin parasites owner observation
Recommend endoscopic biopsies for definitive diagnosis of chronic enteropathy.,Digestive Issues,Clinical Notes,recommend endoscopic biopsies for definitive diagnosis of chronic enteropathy digestive issues clinical notes
My puppy has accidents in the house (diarrhea) overnight.,Digestive Issues,Owner Observation,my puppy has accidents in the house diarrhea overnight digestive issues owner observation
History of ingesting foreign material (child's toy) 2 days ago. Abdominal radiographs recommended.,Digestive Issues,Clinical Notes,history of ingesting foreign material childs toy days ago abdominal radiographs recommended digestive issues clinical notes
Ferret is weak in the hind limbs.,Mobility Problems,Owner Observation,ferret is weak in the hind limbs mobility problems owner observation
Repeat cytology at recheck appointment.,Ear Infections,Clinical Notes,repeat cytology at recheck appointment ear infections clinical notes
Excoriations and erythema noted around the collar area; rule out contact irritation vs. FAD.,Skin Irritations,Clinical Notes,excoriations and erythema noted around the collar area rule out contact irritation vs fad skin irritations clinical notes
Fecal flotation positive for Toxocara canis (roundworm) eggs.,Parasites,Clinical Notes,fecal flotation positive for toxocara canis roundworm eggs parasites clinical notes
Advise cleaning environment thoroughly to remove Coccidia oocysts.,Parasites,Clinical Notes,advise cleaning environment thoroughly to remove coccidia oocysts parasites clinical notes
My dog favors one leg consistently.,Mobility Problems,Owner Observation,my dog favors one leg consistently mobility problems owner observation
Bacterial otitis with pain; add anti-inflammatory.,Ear Infections,Clinical Notes,bacterial otitis with pain add antiinflammatory ear infections clinical notes
Microfilaria check (Knott's test or filter test) positive.,Parasites,Clinical Notes,microfilaria check knotts test or filter test positive parasites clinical notes
Ferret has diarrhea and seems very weak.,Digestive Issues,Owner Observation,ferret has diarrhea and seems very weak digestive issues owner observation
My dog has hair loss that seems to follow a seasonal pattern.,Skin Irritations,Owner Observation,my dog has hair loss that seems to follow a seasonal pattern skin irritations owner observation
Erythema and scaling on muzzle; test for demodex.,Skin Irritations,Clinical Notes,erythema and scaling on muzzle test for demodex skin irritations clinical notes
"Ferret has black, tarry stools, could it be from parasites?",Parasites,Owner Observation,ferret has black tarry stools could it be from parasites parasites owner observation
"Chronic intermittent vomiting in feline; consider IBD, food allergy, lymphoma.",Digestive Issues,Clinical Notes,chronic intermittent vomiting in feline consider ibd food allergy lymphoma digestive issues clinical notes
Recommend trial of therapeutic laser treatments 2-3 times weekly.,Mobility Problems,Clinical Notes,recommend trial of therapeutic laser treatments times weekly mobility problems clinical notes
"My dog has recurring ear infections, vet suspects underlying mites.",Parasites,Owner Observation,my dog has recurring ear infections vet suspects underlying mites parasites owner observation
"Assess hydration status (skin turgor, mucous membranes, CRT).",Digestive Issues,Clinical Notes,assess hydration status skin turgor mucous membranes crt digestive issues clinical notes
"My cat licks her belly raw, especially after eating certain foods.",Skin Irritations,Owner Observation,my cat licks her belly raw especially after eating certain foods skin irritations owner observation
Assess patient's pain level using validated pain scale.,Digestive Issues,Clinical Notes,assess patients pain level using validated pain scale digestive issues clinical notes
"Ferret has dark, tarry stool, could parasites cause this?",Parasites,Owner Observation,ferret has dark tarry stool could parasites cause this parasites owner observation
Dog has oily skin and recurrent skin infections.,Skin Irritations,Owner Observation,dog has oily skin and recurrent skin infections skin irritations owner observation
"My puppy is constantly hungry but not gaining weight, has loose stools.",Digestive Issues,Owner Observation,my puppy is constantly hungry but not gaining weight has loose stools digestive issues owner observation
Found several attached ticks on my dog after hiking.,Parasites,Owner Observation,found several attached ticks on my dog after hiking parasites owner observation
"Noticed thickened, dark skin in my dog's armpits that seems itchy.",Skin Irritations,Owner Observation,noticed thickened dark skin in my dogs armpits that seems itchy skin irritations owner observation
Palpable thickening of stifle joint capsule (medial buttress) in chronic CCL condition.,Mobility Problems,Clinical Notes,palpable thickening of stifle joint capsule medial buttress in chronic ccl condition mobility problems clinical notes
Prescribed topical enrofloxacin/silver sulfadiazine suspension based on previous culture results.,Ear Infections,Clinical Notes,prescribed topical enrofloxacinsilver sulfadiazine suspension based on previous culture results ear infections clinical notes
My dog has bumps between his toes.,Skin Irritations,Owner Observation,my dog has bumps between his toes skin irritations owner observation
My cat started shaking her head after a groomer visit.,Ear Infections,Owner Observation,my cat started shaking her head after a groomer visit ear infections owner observation
My cat has what looks like walking dandruff.,Parasites,Owner Observation,my cat has what looks like walking dandruff parasites owner observation
My rabbit has severe crusting in ears from Psoroptes mites.,Parasites,Owner Observation,my rabbit has severe crusting in ears from psoroptes mites parasites owner observation
Screen for Cushing's condition in dogs with recurrent infections and other suggestive signs.,Ear Infections,Clinical Notes,screen for cushings condition in dogs with recurrent infections and other suggestive signs ear infections clinical notes
Demonstrate proper ear cleaning technique and medication instillation to owner.,Ear Infections,Clinical Notes,demonstrate proper ear cleaning technique and medication instillation to owner ear infections clinical notes
Ununited anconeal process (UAP) identified on elbow radiographs.,Mobility Problems,Clinical Notes,ununited anconeal process uap identified on elbow radiographs mobility problems clinical notes
Dog has ticks attached deep inside his ear canals.,Parasites,Owner Observation,dog has ticks attached deep inside his ear canals parasites owner observation
Schedule follow-up for heartworm treatment stages.,Parasites,Clinical Notes,schedule followup for heartworm treatment stages parasites clinical notes
Obtain accurate body weight before prescribing any parasite control product.,Parasites,Clinical Notes,obtain accurate body weight before prescribing any parasite control product parasites clinical notes
"Dog has chronic skin issues, vet suspects Demodex mites.",Parasites,Owner Observation,dog has chronic skin issues vet suspects demodex mites parasites owner observation
Consider referral for acupuncture or veterinary spinal manipulative therapy (VSMT).,Mobility Problems,Clinical Notes,consider referral for acupuncture or veterinary spinal manipulative therapy vsmt mobility problems clinical notes
Rabbit seems weak all over.,Mobility Problems,Owner Observation,rabbit seems weak all over mobility problems owner observation
Administer praziquantel injection (Droncit) for cestode infection.,Parasites,Clinical Notes,administer praziquantel injection droncit for cestode infection parasites clinical notes
Culture result: Pseudomonas aeruginosa sensitive only to amikacin and ticarcillin. Compounded topical therapy needed.,Ear Infections,Clinical Notes,culture result pseudomonas aeruginosa sensitive only to amikacin and ticarcillin compounded topical therapy needed ear infections clinical notes
Hamster has fecal staining and wetness around the tail and belly.,Digestive Issues,Owner Observation,hamster has fecal staining and wetness around the tail and belly digestive issues owner observation
"Dog has chronic skin problems, vet diagnosed generalized Demodex.",Parasites,Owner Observation,dog has chronic skin problems vet diagnosed generalized demodex parasites owner observation
"My dog takes very short, stiff steps with his front legs.",Mobility Problems,Owner Observation,my dog takes very short stiff steps with his front legs mobility problems owner observation
Fungal culture positive for Microsporum canis; initiate systemic antifungal (itraconazole) and topical therapy.,Skin Irritations,Clinical Notes,fungal culture positive for microsporum canis initiate systemic antifungal itraconazole and topical therapy skin irritations clinical notes
My dog lags behind on walks and seems reluctant to continue.,Mobility Problems,Owner Observation,my dog lags behind on walks and seems reluctant to continue mobility problems owner observation
"My rabbit has very large, soft cecotropes that are uneaten.",Digestive Issues,Owner Observation,my rabbit has very large soft cecotropes that are uneaten digestive issues owner observation
Malassezia dermatitis confirmed via cytology; treat with ketoconazole shampoo.,Skin Irritations,Clinical Notes,malassezia dermatitis confirmed via cytology treat with ketoconazole shampoo skin irritations clinical notes
My dog gets recurring skin infections in the folds of his face.,Skin Irritations,Owner Observation,my dog gets recurring skin infections in the folds of his face skin irritations owner observation
My ferret is scratching intensely at its ears.,Ear Infections,Owner Observation,my ferret is scratching intensely at its ears ear infections owner observation
My rabbit got diarrhea after I gave him too much fruit.,Digestive Issues,Owner Observation,my rabbit got diarrhea after i gave him too much fruit digestive issues owner observation
"My dog seems wobbly and uncoordinated, especially in the rear.",Mobility Problems,Owner Observation,my dog seems wobbly and uncoordinated especially in the rear mobility problems owner observation
Guinea pig has stopped producing fecal pellets.,Digestive Issues,Owner Observation,guinea pig has stopped producing fecal pellets digestive issues owner observation
OFA radiographs submitted for hip/elbow certification.,Mobility Problems,Clinical Notes,ofa radiographs submitted for hipelbow certification mobility problems clinical notes
My cat doesn't jump onto the furniture anymore.,Mobility Problems,Owner Observation,my cat doesnt jump onto the furniture anymore mobility problems owner observation
"My cat has fleas, causing miliary dermatitis.",Parasites,Owner Observation,my cat has fleas causing miliary dermatitis parasites owner observation
"Otitis media common in rabbits, often associated with Pasteurella multocida. Skull radiographs recommended.",Ear Infections,Clinical Notes,otitis media common in rabbits often associated with pasteurella multocida skull radiographs recommended ear infections clinical notes
Guinea pig is losing large clumps of hair.,Skin Irritations,Owner Observation,guinea pig is losing large clumps of hair skin irritations owner observation
Puppy got diarrhea right after we changed his food brand.,Digestive Issues,Owner Observation,puppy got diarrhea right after we changed his food brand digestive issues owner observation
Provide estimate for diagnostic tests and treatment.,Ear Infections,Clinical Notes,provide estimate for diagnostic tests and treatment ear infections clinical notes
"Check electrolytes (Na, K, Cl) and acid-base status (blood gas). Correct abnormalities.",Digestive Issues,Clinical Notes,check electrolytes na k cl and acidbase status blood gas correct abnormalities digestive issues clinical notes
"Rabbit is lethargic and not eating well, possibly due to pain.",Mobility Problems,Owner Observation,rabbit is lethargic and not eating well possibly due to pain mobility problems owner observation
Recommend regular ear cleaning with appropriate solution.,Skin Irritations,Clinical Notes,recommend regular ear cleaning with appropriate solution skin irritations clinical notes
Puppy's skin is peeling slightly after a bath with new shampoo.,Skin Irritations,Owner Observation,puppys skin is peeling slightly after a bath with new shampoo skin irritations owner observation
"Aortic thromboembolism (ATE) suspected in cat with acute hind limb paralysis, pain, cold extremities, absent femoral pulses.",Mobility Problems,Clinical Notes,aortic thromboembolism ate suspected in cat with acute hind limb paralysis pain cold extremities absent femoral pulses mobility problems clinical notes
"Administered long-acting otic preparation (e.g., Osurnia, Claro) in clinic.",Ear Infections,Clinical Notes,administered longacting otic preparation eg osurnia claro in clinic ear infections clinical notes
"Rabbit has white, powdery substance accumulating in its fur.",Skin Irritations,Owner Observation,rabbit has white powdery substance accumulating in its fur skin irritations owner observation
My puppy has soft stool ever since we got him.,Digestive Issues,Owner Observation,my puppy has soft stool ever since we got him digestive issues owner observation
Provide detailed instructions for E-tube feeding and care.,Digestive Issues,Clinical Notes,provide detailed instructions for etube feeding and care digestive issues clinical notes
Monitor for adverse reactions to antiparasitic medications.,Parasites,Clinical Notes,monitor for adverse reactions to antiparasitic medications parasites clinical notes
Guinea pig seems bloated and uncomfortable.,Digestive Issues,Owner Observation,guinea pig seems bloated and uncomfortable digestive issues owner observation
Pseudomonas aeruginosa cultured from ear discharge; select antibiotic based on sensitivity profile.,Ear Infections,Clinical Notes,pseudomonas aeruginosa cultured from ear discharge select antibiotic based on sensitivity profile ear infections clinical notes
"My dog seems to have heartburn (gulping, licking air).",Digestive Issues,Owner Observation,my dog seems to have heartburn gulping licking air digestive issues owner observation
Referral to veterinary neurologist recommended due to central neurological signs.,Ear Infections,Clinical Notes,referral to veterinary neurologist recommended due to central neurological signs ear infections clinical notes
"PennHIP distraction index (DI) measured at 0.6 (right) and 0.7 (left), indicating significant hip laxity.",Mobility Problems,Clinical Notes,pennhip distraction index di measured at right and left indicating significant hip laxity mobility problems clinical notes
Rabbit has thick crusts forming on its skin.,Skin Irritations,Owner Observation,rabbit has thick crusts forming on its skin skin irritations owner observation
"Recommend feeding smaller, more frequent meals.",Digestive Issues,Clinical Notes,recommend feeding smaller more frequent meals digestive issues clinical notes
Advise owner on importance of completing full course of antibiotics.,Skin Irritations,Clinical Notes,advise owner on importance of completing full course of antibiotics skin irritations clinical notes
Bacterial and yeast otitis; start long-term therapy.,Ear Infections,Clinical Notes,bacterial and yeast otitis start longterm therapy ear infections clinical notes
Intussusception palpated/visualized on ultrasound; surgical correction needed.,Digestive Issues,Clinical Notes,intussusception palpatedvisualized on ultrasound surgical correction needed digestive issues clinical notes
Treat secondary skin infections resulting from parasite infestation.,Parasites,Clinical Notes,treat secondary skin infections resulting from parasite infestation parasites clinical notes
"Initiate NSAID therapy (e.g., carprofen, meloxicam) for pain and inflammation.",Mobility Problems,Clinical Notes,initiate nsaid therapy eg carprofen meloxicam for pain and inflammation mobility problems clinical notes
"Discuss environmental factors (humidity, swimming).",Ear Infections,Clinical Notes,discuss environmental factors humidity swimming ear infections clinical notes
Proprioceptive training exercises recommended.,Mobility Problems,Clinical Notes,proprioceptive training exercises recommended mobility problems clinical notes
Zinc-responsive dermatosis diagnosed based on clinical signs and breed; initiate zinc supplementation.,Skin Irritations,Clinical Notes,zincresponsive dermatosis diagnosed based on clinical signs and breed initiate zinc supplementation skin irritations clinical notes
Cat has painful swelling around multiple joints.,Mobility Problems,Owner Observation,cat has painful swelling around multiple joints mobility problems owner observation
"Advise strict flea control for all pets in household, year-round.",Skin Irritations,Clinical Notes,advise strict flea control for all pets in household yearround skin irritations clinical notes
My cat seems to have fleas that aren't killed by her usual spot-on.,Parasites,Owner Observation,my cat seems to have fleas that arent killed by her usual spoton parasites owner observation
Treat secondary infections aggressively.,Ear Infections,Clinical Notes,treat secondary infections aggressively ear infections clinical notes
Administer ondansetron injection for refractory vomiting.,Digestive Issues,Clinical Notes,administer ondansetron injection for refractory vomiting digestive issues clinical notes
"Use of assistive devices (e.g., Help'EmUp Harness, wheelchair) discussed.",Mobility Problems,Clinical Notes,use of assistive devices eg helpemup harness wheelchair discussed mobility problems clinical notes
Dog’s ears are crusty and smell like mold.,Ear Infections,Owner Observation,dog’s ears are crusty and smell like mold ear infections owner observation
Dog has difficulty posturing to urinate or defecate.,Mobility Problems,Owner Observation,dog has difficulty posturing to urinate or defecate mobility problems owner observation
Initiate doxycycline therapy for anaplasmosis/ehrlichiosis/Lyme condition.,Parasites,Clinical Notes,initiate doxycycline therapy for anaplasmosisehrlichiosislyme condition parasites clinical notes
Guinea pig has dandruff and seems uncomfortable when petted.,Skin Irritations,Owner Observation,guinea pig has dandruff and seems uncomfortable when petted skin irritations owner observation
Ferret has bright green diarrhea.,Digestive Issues,Owner Observation,ferret has bright green diarrhea digestive issues owner observation
"Kitten is sneezing and has discharge, could it be lungworms?",Parasites,Owner Observation,kitten is sneezing and has discharge could it be lungworms parasites owner observation
Cat is licking the fur off her legs.,Skin Irritations,Owner Observation,cat is licking the fur off her legs skin irritations owner observation
My cat has bumps under the skin that can be felt but not easily seen.,Skin Irritations,Owner Observation,my cat has bumps under the skin that can be felt but not easily seen skin irritations owner observation
Lameness in front limb; radiograph for osteophyte.,Mobility Problems,Clinical Notes,lameness in front limb radiograph for osteophyte mobility problems clinical notes
Rabbit has pus draining from one ear.,Ear Infections,Owner Observation,rabbit has pus draining from one ear ear infections owner observation
"Prescribe fenbendazole for Giardia, roundworms, hookworms, whipworms, some tapeworms (Taenia).",Parasites,Clinical Notes,prescribe fenbendazole for giardia roundworms hookworms whipworms some tapeworms taenia parasites clinical notes
Auscultation reveals hyperactive borborygmi.,Digestive Issues,Clinical Notes,auscultation reveals hyperactive borborygmi digestive issues clinical notes
Moist dermatitis secondary to saliva staining in facial folds; recommend daily cleaning with antiseptic wipes.,Skin Irritations,Clinical Notes,moist dermatitis secondary to saliva staining in facial folds recommend daily cleaning with antiseptic wipes skin irritations clinical notes
"Fly strike (myiasis) present in debilitated rabbit. Clip fur, lavage wound, manually remove all maggots. Address underlying cause.",Parasites,Clinical Notes,fly strike myiasis present in debilitated rabbit clip fur lavage wound manually remove all maggots address underlying cause parasites clinical notes
"Dog's ear canal lining looks thick and bumpy, like cobblestones.",Ear Infections,Owner Observation,dogs ear canal lining looks thick and bumpy like cobblestones ear infections owner observation
Guinea pig has difficulty moving after a fall.,Mobility Problems,Owner Observation,guinea pig has difficulty moving after a fall mobility problems owner observation
Check thyroid levels in dogs with recurrent infections.,Ear Infections,Clinical Notes,check thyroid levels in dogs with recurrent infections ear infections clinical notes
My rabbit has matted fur and sores underneath on its hindquarters.,Skin Irritations,Owner Observation,my rabbit has matted fur and sores underneath on its hindquarters skin irritations owner observation
My bird has Giardia.,Parasites,Owner Observation,my bird has giardia parasites owner observation
Suspect soft tissue injury (ligament sprain or muscle strain) based on localized swelling/pain and negative radiographs.,Mobility Problems,Clinical Notes,suspect soft tissue injury ligament sprain or muscle strain based on localized swellingpain and negative radiographs mobility problems clinical notes
Aural hematoma present on left pinna; discuss treatment options (drainage vs. surgery).,Ear Infections,Clinical Notes,aural hematoma present on left pinna discuss treatment options drainage vs surgery ear infections clinical notes
Discuss role of humidity and moisture in exacerbating otitis.,Ear Infections,Clinical Notes,discuss role of humidity and moisture in exacerbating otitis ear infections clinical notes
Performed myringotomy and collected middle ear fluid for culture and cytology.,Ear Infections,Clinical Notes,performed myringotomy and collected middle ear fluid for culture and cytology ear infections clinical notes
"Peripheral vestibular signs present (horizontal nystagmus fast phase away from lesion, head tilt toward lesion, ataxia). Likely otitis interna.",Ear Infections,Clinical Notes,peripheral vestibular signs present horizontal nystagmus fast phase away from lesion head tilt toward lesion ataxia likely otitis interna ear infections clinical notes
Endoscopy with biopsies recommended for definitive diagnosis of IBD/lymphoma.,Digestive Issues,Clinical Notes,endoscopy with biopsies recommended for definitive diagnosis of ibdlymphoma digestive issues clinical notes
Utilize Canine Brief Pain Inventory (CBPI) or Feline Musculoskeletal Pain Index (FMPI) to monitor treatment response.,Mobility Problems,Clinical Notes,utilize canine brief pain inventory cbpi or feline musculoskeletal pain index fmpi to monitor treatment response mobility problems clinical notes
My new kitten has a really round belly and doesn't seem to be growing much.,Parasites,Owner Observation,my new kitten has a really round belly and doesnt seem to be growing much parasites owner observation
Cat has difficulty navigating stairs.,Mobility Problems,Owner Observation,cat has difficulty navigating stairs mobility problems owner observation
"My cat's fur looks dull and unkempt, and she has flakes.",Skin Irritations,Owner Observation,my cats fur looks dull and unkempt and she has flakes skin irritations owner observation
My dog slid on the ice and has been limping on his front leg since.,Mobility Problems,Owner Observation,my dog slid on the ice and has been limping on his front leg since mobility problems owner observation
Solar dermatitis on white-haired pinnae; advise sun avoidance and sunscreen.,Skin Irritations,Clinical Notes,solar dermatitis on whitehaired pinnae advise sun avoidance and sunscreen skin irritations clinical notes
"Guinea pig has swollen, painful feet.",Mobility Problems,Owner Observation,guinea pig has swollen painful feet mobility problems owner observation
Rabbit has redness and hair loss on the soles of its hind feet.,Skin Irritations,Owner Observation,rabbit has redness and hair loss on the soles of its hind feet skin irritations owner observation
Lichenification and hyperpigmentation of axillary and inguinal regions; chronic allergic changes.,Skin Irritations,Clinical Notes,lichenification and hyperpigmentation of axillary and inguinal regions chronic allergic changes skin irritations clinical notes
Kitten has hookworms according to the fecal test.,Parasites,Owner Observation,kitten has hookworms according to the fecal test parasites owner observation
Dog is rubbing his face on the carpet constantly.,Skin Irritations,Owner Observation,dog is rubbing his face on the carpet constantly skin irritations owner observation
My puppy has developed a swollen muzzle and face.,Skin Irritations,Owner Observation,my puppy has developed a swollen muzzle and face skin irritations owner observation
"Utilize validated pain scoring system (e.g., CSU Canine Acute Pain Scale) to guide analgesic therapy.",Digestive Issues,Clinical Notes,utilize validated pain scoring system eg csu canine acute pain scale to guide analgesic therapy digestive issues clinical notes
Hip dysplasia confirmed; start anti-inflammatory.,Mobility Problems,Clinical Notes,hip dysplasia confirmed start antiinflammatory mobility problems clinical notes
Dermacentor variabilis tick removed; advise monitoring for signs of RMSF.,Parasites,Clinical Notes,dermacentor variabilis tick removed advise monitoring for signs of rmsf parasites clinical notes
Tapeworm segments (Dipylidium caninum) observed on perineum; associated with flea infestation.,Parasites,Clinical Notes,tapeworm segments dipylidium caninum observed on perineum associated with flea infestation parasites clinical notes
My dog has significant muscle wasting in his hind end.,Mobility Problems,Owner Observation,my dog has significant muscle wasting in his hind end mobility problems owner observation
Impression smear from lesion shows acantholytic cells; suspect pemphigus.,Skin Irritations,Clinical Notes,impression smear from lesion shows acantholytic cells suspect pemphigus skin irritations clinical notes
Cat has inflammation and discharge around her nail beds.,Skin Irritations,Owner Observation,cat has inflammation and discharge around her nail beds skin irritations owner observation
My dog has ear mites confirmed by microscopic exam.,Parasites,Owner Observation,my dog has ear mites confirmed by microscopic exam parasites owner observation
Pediculosis (Linognathus setosus - dog sucking louse) identified. Treat with fipronil or selamectin.,Parasites,Clinical Notes,pediculosis linognathus setosus dog sucking louse identified treat with fipronil or selamectin parasites clinical notes
Cat keeps vomiting small amounts of bile.,Digestive Issues,Owner Observation,cat keeps vomiting small amounts of bile digestive issues owner observation
My dog has Valley Fever affecting his bones.,Mobility Problems,Owner Observation,my dog has valley fever affecting his bones mobility problems owner observation
"Cytology findings recorded: Yeast score (0-4+), Cocci score (0-4+), Rod score (0-4+), Cell types (neutrophils, epithelial cells).",Ear Infections,Clinical Notes,cytology findings recorded yeast score cocci score rod score cell types neutrophils epithelial cells ear infections clinical notes
"My dog has tapeworms, probably from fleas.",Parasites,Owner Observation,my dog has tapeworms probably from fleas parasites owner observation
Dog has developed resistance to previous ear medications.,Ear Infections,Owner Observation,dog has developed resistance to previous ear medications ear infections owner observation
"Mast cell tumor suspected based on raised, erythematous nodule; FNA reveals granulated mast cells.",Skin Irritations,Clinical Notes,mast cell tumor suspected based on raised erythematous nodule fna reveals granulated mast cells skin irritations clinical notes
"Document type of tick removed, date, and location on patient.",Parasites,Clinical Notes,document type of tick removed date and location on patient parasites clinical notes
Skin fragility noted; test for FIV/FeLV in feline patient.,Skin Irritations,Clinical Notes,skin fragility noted test for fivfelv in feline patient skin irritations clinical notes
My dog has a secondary skin infection from scratching flea bites.,Parasites,Owner Observation,my dog has a secondary skin infection from scratching flea bites parasites owner observation
There are little white things that look like rice grains stuck to the fur around my dog's anus.,Parasites,Owner Observation,there are little white things that look like rice grains stuck to the fur around my dogs anus parasites owner observation
Cat has started eliminating outside the litter box.,Mobility Problems,Owner Observation,cat has started eliminating outside the litter box mobility problems owner observation
Rule out hyperadrenocorticism via ACTH stimulation test or LDDST.,Skin Irritations,Clinical Notes,rule out hyperadrenocorticism via acth stimulation test or lddst skin irritations clinical notes
Ferret has lost a lot of weight over the last month.,Digestive Issues,Owner Observation,ferret has lost a lot of weight over the last month digestive issues owner observation
Hepatic encephalopathy suspected due to neurological signs and liver dysfunction.,Digestive Issues,Clinical Notes,hepatic encephalopathy suspected due to neurological signs and liver dysfunction digestive issues clinical notes
Discuss weight management; obesity exacerbates mobility issues.,Mobility Problems,Clinical Notes,discuss weight management obesity exacerbates mobility issues mobility problems clinical notes
My cat fights me and cries when I try to put ear drops in.,Ear Infections,Owner Observation,my cat fights me and cries when i try to put ear drops in ear infections owner observation
My cat has bumps along her spine.,Skin Irritations,Owner Observation,my cat has bumps along her spine skin irritations owner observation
Ensure owner understands treatment plan and follow-up requirements.,Skin Irritations,Clinical Notes,ensure owner understands treatment plan and followup requirements skin irritations clinical notes
Cat is losing weight despite having a good appetite.,Digestive Issues,Owner Observation,cat is losing weight despite having a good appetite digestive issues owner observation
Ferret seems painful when his jaw area is touched.,Ear Infections,Owner Observation,ferret seems painful when his jaw area is touched ear infections owner observation
"My rabbit has thick, flaky crusts inside both ears.",Ear Infections,Owner Observation,my rabbit has thick flaky crusts inside both ears ear infections owner observation
My ferret's inner ear flaps look red and irritated.,Ear Infections,Owner Observation,my ferrets inner ear flaps look red and irritated ear infections owner observation
Prescribe tylosin powder for suspected antibiotic-responsive diarrhea.,Digestive Issues,Clinical Notes,prescribe tylosin powder for suspected antibioticresponsive diarrhea digestive issues clinical notes
Pet’s ears are red and have a musty odor.,Ear Infections,Owner Observation,pet’s ears are red and have a musty odor ear infections owner observation
Biopsy report confirms mast cell tumor; refer for surgical excision.,Skin Irritations,Clinical Notes,biopsy report confirms mast cell tumor refer for surgical excision skin irritations clinical notes
Guinea pig has swollen feet (bumblefoot).,Mobility Problems,Owner Observation,guinea pig has swollen feet bumblefoot mobility problems owner observation
"Large, fluctuant aural hematoma on concave surface of right pinna. Surgical correction recommended.",Ear Infections,Clinical Notes,large fluctuant aural hematoma on concave surface of right pinna surgical correction recommended ear infections clinical notes
"My ferret’s belly has red, irritated spots.",Skin Irritations,Owner Observation,my ferret’s belly has red irritated spots skin irritations owner observation
Multiple deep skin scrapings positive for Demodex injai mites (adults and immature forms).,Parasites,Clinical Notes,multiple deep skin scrapings positive for demodex injai mites adults and immature forms parasites clinical notes
Ticks embedded in fur; remove and treat.,Parasites,Clinical Notes,ticks embedded in fur remove and treat parasites clinical notes
My rabbit has white flakes in its ears.,Ear Infections,Owner Observation,my rabbit has white flakes in its ears ear infections owner observation
Flea dirt present on coat combing; Ctenocephalides felis infestation confirmed.,Parasites,Clinical Notes,flea dirt present on coat combing ctenocephalides felis infestation confirmed parasites clinical notes
Pre- and post-prandial bile acids significantly elevated; consistent with PSS or severe liver dysfunction.,Digestive Issues,Clinical Notes,pre and postprandial bile acids significantly elevated consistent with pss or severe liver dysfunction digestive issues clinical notes
"Treat Cheyletiella infestation with lime sulfur dips, fipronil, or selamectin. Treat environment.",Parasites,Clinical Notes,treat cheyletiella infestation with lime sulfur dips fipronil or selamectin treat environment parasites clinical notes
Dog has intermittent episodes of vomiting and diarrhea.,Digestive Issues,Owner Observation,dog has intermittent episodes of vomiting and diarrhea digestive issues owner observation
"Large bowel diarrhea characterized by increased frequency, tenesmus, mucus, and hematochezia.",Digestive Issues,Clinical Notes,large bowel diarrhea characterized by increased frequency tenesmus mucus and hematochezia digestive issues clinical notes
Perform thorough oral exam to rule out dental condition contributing to ear pain.,Ear Infections,Clinical Notes,perform thorough oral exam to rule out dental condition contributing to ear pain ear infections clinical notes
Otoscopic exam reveals Otodectes cynotis mites bilaterally; characteristic dark debris present.,Parasites,Clinical Notes,otoscopic exam reveals otodectes cynotis mites bilaterally characteristic dark debris present parasites clinical notes
Rabbit's fur is matted and it seems itchy underneath.,Parasites,Owner Observation,rabbits fur is matted and it seems itchy underneath parasites owner observation
Liver enzymes elevated; consider primary liver condition or secondary reaction.,Digestive Issues,Clinical Notes,liver enzymes elevated consider primary liver condition or secondary reaction digestive issues clinical notes
Intradermal allergy testing scheduled.,Skin Irritations,Clinical Notes,intradermal allergy testing scheduled skin irritations clinical notes
My dog's ears smell yeasty and the skin inside looks thickened.,Skin Irritations,Owner Observation,my dogs ears smell yeasty and the skin inside looks thickened skin irritations owner observation
Dog is less active and sleeps more than usual.,Mobility Problems,Owner Observation,dog is less active and sleeps more than usual mobility problems owner observation
Dog started limping on his front left leg after playing.,Mobility Problems,Owner Observation,dog started limping on his front left leg after playing mobility problems owner observation
My guinea pig has crusty lesions near its mouth.,Skin Irritations,Owner Observation,my guinea pig has crusty lesions near its mouth skin irritations owner observation
My dog's anal area is red and itchy; he scoots on the carpet.,Skin Irritations,Owner Observation,my dogs anal area is red and itchy he scoots on the carpet skin irritations owner observation
Repeat fecal examination in 2-4 weeks to ensure parasite clearance.,Parasites,Clinical Notes,repeat fecal examination in weeks to ensure parasite clearance parasites clinical notes
Tympanic membrane appears ruptured on otoscopic exam. Avoid potentially ototoxic cleaners/medications.,Ear Infections,Clinical Notes,tympanic membrane appears ruptured on otoscopic exam avoid potentially ototoxic cleanersmedications ear infections clinical notes
Review patient's history for previous ear treatments and responses.,Ear Infections,Clinical Notes,review patients history for previous ear treatments and responses ear infections clinical notes
"I saw live, wriggling worms in my puppy's fresh poop.",Parasites,Owner Observation,i saw live wriggling worms in my puppys fresh poop parasites owner observation
Radiographs show bilateral stifle effusion.,Mobility Problems,Clinical Notes,radiographs show bilateral stifle effusion mobility problems clinical notes
Acantholytic cells identified on cytology; highly suspicious for Pemphigus foliaceus.,Skin Irritations,Clinical Notes,acantholytic cells identified on cytology highly suspicious for pemphigus foliaceus skin irritations clinical notes
My dog's joints make clicking or popping sounds.,Mobility Problems,Owner Observation,my dogs joints make clicking or popping sounds mobility problems owner observation
Ferret is having difficulty climbing up ramps in his cage.,Mobility Problems,Owner Observation,ferret is having difficulty climbing up ramps in his cage mobility problems owner observation
My dog acts hungry but then sniffs his food and walks away.,Digestive Issues,Owner Observation,my dog acts hungry but then sniffs his food and walks away digestive issues owner observation
Ensure appropriate medication volume is prescribed.,Ear Infections,Clinical Notes,ensure appropriate medication volume is prescribed ear infections clinical notes
Dog is straining in the yard but only passing small bits of liquid stool.,Digestive Issues,Owner Observation,dog is straining in the yard but only passing small bits of liquid stool digestive issues owner observation
Guinea pig has visible lice crawling on its hair shafts.,Parasites,Owner Observation,guinea pig has visible lice crawling on its hair shafts parasites owner observation
"Dog has lost his appetite and seems nauseous (licking lips, drooling).",Digestive Issues,Owner Observation,dog has lost his appetite and seems nauseous licking lips drooling digestive issues owner observation
Systemic antibiotics indicated for otitis media/interna or severe otitis externa.,Ear Infections,Clinical Notes,systemic antibiotics indicated for otitis mediainterna or severe otitis externa ear infections clinical notes
"Arthrocentesis performed on swollen stifle; cytology reveals septic suppurative inflammation (high neutrophils, intracellular bacteria).",Mobility Problems,Clinical Notes,arthrocentesis performed on swollen stifle cytology reveals septic suppurative inflammation high neutrophils intracellular bacteria mobility problems clinical notes
Papular rash on hindquarters; antihistamine trial.,Skin Irritations,Clinical Notes,papular rash on hindquarters antihistamine trial skin irritations clinical notes
My rabbit has developed a large swelling under its jaw.,Skin Irritations,Owner Observation,my rabbit has developed a large swelling under its jaw skin irritations owner observation
"Cat's face looks droopy on one side, started with the ear trouble.",Ear Infections,Owner Observation,cats face looks droopy on one side started with the ear trouble ear infections owner observation
"My ferret is itchy, especially around his neck and shoulders.",Parasites,Owner Observation,my ferret is itchy especially around his neck and shoulders parasites owner observation
Rabbit is shaking its head and digging at its ears.,Parasites,Owner Observation,rabbit is shaking its head and digging at its ears parasites owner observation
"Check for concurrent endocrine conditions (Cushing's, diabetes).",Skin Irritations,Clinical Notes,check for concurrent endocrine conditions cushings diabetes skin irritations clinical notes
"Review current medications for potential GI side effects (e.g., NSAIDs, steroids, certain antibiotics).",Digestive Issues,Clinical Notes,review current medications for potential gi side effects eg nsaids steroids certain antibiotics digestive issues clinical notes
My puppy seems stiff when he wakes up.,Mobility Problems,Owner Observation,my puppy seems stiff when he wakes up mobility problems owner observation
Clostridium perfringens enterotoxicosis suspected; check fecal toxin levels.,Digestive Issues,Clinical Notes,clostridium perfringens enterotoxicosis suspected check fecal toxin levels digestive issues clinical notes
Use selamectin/sarolaner (Revolution Plus) for broad-spectrum feline parasite control.,Parasites,Clinical Notes,use selamectinsarolaner revolution plus for broadspectrum feline parasite control parasites clinical notes
Discuss long-term expectations for function and potential for recurrence/progression.,Mobility Problems,Clinical Notes,discuss longterm expectations for function and potential for recurrenceprogression mobility problems clinical notes
Ensure owner understands medication schedule and potential side effects.,Mobility Problems,Clinical Notes,ensure owner understands medication schedule and potential side effects mobility problems clinical notes
Educate owner on parasite life cycles and prevention strategies.,Parasites,Clinical Notes,educate owner on parasite life cycles and prevention strategies parasites clinical notes
"Closed, transverse fracture of distal tibia identified. Splint applied, discuss surgical fixation.",Mobility Problems,Clinical Notes,closed transverse fracture of distal tibia identified splint applied discuss surgical fixation mobility problems clinical notes
Document specific parasite identified and treatment administered in medical record.,Parasites,Clinical Notes,document specific parasite identified and treatment administered in medical record parasites clinical notes
Asymmetrical thigh circumference measured.,Mobility Problems,Clinical Notes,asymmetrical thigh circumference measured mobility problems clinical notes
My dog's ear flap (pinna) is swollen like a balloon.,Ear Infections,Owner Observation,my dogs ear flap pinna is swollen like a balloon ear infections owner observation
Abdominal ultrasound reveals thickened intestinal loops; consistent with IBD.,Digestive Issues,Clinical Notes,abdominal ultrasound reveals thickened intestinal loops consistent with ibd digestive issues clinical notes
Assess hydration status and recommend fluid therapy if needed for systemic illness.,Skin Irritations,Clinical Notes,assess hydration status and recommend fluid therapy if needed for systemic illness skin irritations clinical notes
Use E-collar to prevent self-trauma.,Skin Irritations,Clinical Notes,use ecollar to prevent selftrauma skin irritations clinical notes
Abdominocentesis yielded serosanguinous fluid; cytology shows septic inflammation. Emergency surgery indicated.,Digestive Issues,Clinical Notes,abdominocentesis yielded serosanguinous fluid cytology shows septic inflammation emergency surgery indicated digestive issues clinical notes
"Cat is scratching the area below her ear, not directly inside.",Ear Infections,Owner Observation,cat is scratching the area below her ear not directly inside ear infections owner observation
My dog has Babesia from a tick bite.,Parasites,Owner Observation,my dog has babesia from a tick bite parasites owner observation
"Cat has decreased appetite, possibly due to chronic pain.",Mobility Problems,Owner Observation,cat has decreased appetite possibly due to chronic pain mobility problems owner observation
Flea eggs on fur; prescribe oral spinosad.,Parasites,Clinical Notes,flea eggs on fur prescribe oral spinosad parasites clinical notes
"Ferret has fleas, needs treatment safe for ferrets.",Parasites,Owner Observation,ferret has fleas needs treatment safe for ferrets parasites owner observation
"My puppy is trying to vomit but only dry heaving, and his belly looks swollen.",Digestive Issues,Owner Observation,my puppy is trying to vomit but only dry heaving and his belly looks swollen digestive issues owner observation
Document size and location of aural hematoma.,Ear Infections,Clinical Notes,document size and location of aural hematoma ear infections clinical notes
Puppy has a rash in his groin area.,Skin Irritations,Owner Observation,puppy has a rash in his groin area skin irritations owner observation
My cat shakes her head violently right after I put the ear drops in.,Ear Infections,Owner Observation,my cat shakes her head violently right after i put the ear drops in ear infections owner observation
Papular rash on legs; antihistamines recommended.,Skin Irritations,Clinical Notes,papular rash on legs antihistamines recommended skin irritations clinical notes
Psoroptes cuniculi (ear mites) in rabbit causing severe crusting and inflammation.,Ear Infections,Clinical Notes,psoroptes cuniculi ear mites in rabbit causing severe crusting and inflammation ear infections clinical notes
Cat has swollen joints.,Mobility Problems,Owner Observation,cat has swollen joints mobility problems owner observation
I saw spaghetti-like worms in my puppy's vomit.,Parasites,Owner Observation,i saw spaghettilike worms in my puppys vomit parasites owner observation
Tibial compression test positive.,Mobility Problems,Clinical Notes,tibial compression test positive mobility problems clinical notes
Complete rupture of gastrocnemius tendon diagnosed based on dropped hock stance.,Mobility Problems,Clinical Notes,complete rupture of gastrocnemius tendon diagnosed based on dropped hock stance mobility problems clinical notes
"My dog is restless and pacing, seems uncomfortable after eating.",Digestive Issues,Owner Observation,my dog is restless and pacing seems uncomfortable after eating digestive issues owner observation
Flea allergy dermatitis; start antihistamines.,Parasites,Clinical Notes,flea allergy dermatitis start antihistamines parasites clinical notes
My ferret's ear discharge smells sweet/yeasty.,Ear Infections,Owner Observation,my ferrets ear discharge smells sweetyeasty ear infections owner observation
My hamster is losing fur around its eyes.,Skin Irritations,Owner Observation,my hamster is losing fur around its eyes skin irritations owner observation
My cat is drinking tons of water and vomited twice yesterday.,Digestive Issues,Owner Observation,my cat is drinking tons of water and vomited twice yesterday digestive issues owner observation
Cat seems completely deaf in the affected ear.,Ear Infections,Owner Observation,cat seems completely deaf in the affected ear ear infections owner observation
"Rabbit has stopped grooming, coat looks messy.",Digestive Issues,Owner Observation,rabbit has stopped grooming coat looks messy digestive issues owner observation
Pain on palpation of temporomandibular joint (TMJ); may be related to ear pain.,Ear Infections,Clinical Notes,pain on palpation of temporomandibular joint tmj may be related to ear pain ear infections clinical notes
My dog chewed up a plastic toy and is now lethargic and gagging.,Digestive Issues,Owner Observation,my dog chewed up a plastic toy and is now lethargic and gagging digestive issues owner observation
"Cat moves with a stiff, hunched posture.",Mobility Problems,Owner Observation,cat moves with a stiff hunched posture mobility problems owner observation
My parrot was diagnosed with Giardia.,Parasites,Owner Observation,my parrot was diagnosed with giardia parasites owner observation
Ear infection with crusting; prescribe topical steroids.,Ear Infections,Clinical Notes,ear infection with crusting prescribe topical steroids ear infections clinical notes
My dog's skin turns bright red after he eats certain treats.,Skin Irritations,Owner Observation,my dogs skin turns bright red after he eats certain treats skin irritations owner observation
Noticed small bumps and scabs on my puppy's back.,Skin Irritations,Owner Observation,noticed small bumps and scabs on my puppys back skin irritations owner observation
Cat is licking a specific joint excessively.,Mobility Problems,Owner Observation,cat is licking a specific joint excessively mobility problems owner observation
Deep pyoderma with draining tracts; culture and sensitivity indicated.,Skin Irritations,Clinical Notes,deep pyoderma with draining tracts culture and sensitivity indicated skin irritations clinical notes
"My rabbit's skin seems very dry and flaky, especially on its ears.",Skin Irritations,Owner Observation,my rabbits skin seems very dry and flaky especially on its ears skin irritations owner observation
"Kitten has pale gums and is very sleepy, worried about fleas.",Parasites,Owner Observation,kitten has pale gums and is very sleepy worried about fleas parasites owner observation
"My dog is a Cocker Spaniel, and I know they are prone to ear problems.",Ear Infections,Owner Observation,my dog is a cocker spaniel and i know they are prone to ear problems ear infections owner observation
"Neurological exam components: mental status, cranial nerves, postural reactions, spinal reflexes, palpation, nociception.",Mobility Problems,Clinical Notes,neurological exam components mental status cranial nerves postural reactions spinal reflexes palpation nociception mobility problems clinical notes
"Cat has symmetrical hair loss on her flanks, no apparent itching.",Skin Irritations,Owner Observation,cat has symmetrical hair loss on her flanks no apparent itching skin irritations owner observation
Carpal hyperextension injury.,Mobility Problems,Clinical Notes,carpal hyperextension injury mobility problems clinical notes
Feline acne present on chin; comedones and secondary infection noted.,Skin Irritations,Clinical Notes,feline acne present on chin comedones and secondary infection noted skin irritations clinical notes
"Guinea pig has soft, smelly droppings.",Digestive Issues,Owner Observation,guinea pig has soft smelly droppings digestive issues owner observation
My senior cat hasn't pooped in four days and seems uncomfortable.,Digestive Issues,Owner Observation,my senior cat hasnt pooped in four days and seems uncomfortable digestive issues owner observation
My puppy has diarrhea and the vet found Coccidia in his stool sample.,Parasites,Owner Observation,my puppy has diarrhea and the vet found coccidia in his stool sample parasites owner observation
My dog has a circular lesion that is healing in the center but spreading outward.,Skin Irritations,Owner Observation,my dog has a circular lesion that is healing in the center but spreading outward skin irritations owner observation
Document appearance of ear canal and tympanic membrane.,Ear Infections,Clinical Notes,document appearance of ear canal and tympanic membrane ear infections clinical notes
"Panosteitis suspected; radiographs may show patchy intramedullary densities. Typically self-limiting, manage pain.",Mobility Problems,Clinical Notes,panosteitis suspected radiographs may show patchy intramedullary densities typically selflimiting manage pain mobility problems clinical notes
Cat seems overly sensitive to loud noises lately.,Ear Infections,Owner Observation,cat seems overly sensitive to loud noises lately ear infections owner observation
Lateral ear resection considered as palliative procedure for canal stenosis.,Ear Infections,Clinical Notes,lateral ear resection considered as palliative procedure for canal stenosis ear infections clinical notes
Prescribe ponazuril (Marquis) paste for coccidiosis.,Parasites,Clinical Notes,prescribe ponazuril marquis paste for coccidiosis parasites clinical notes
My cat has sores in the corners of her mouth.,Skin Irritations,Owner Observation,my cat has sores in the corners of her mouth skin irritations owner observation
Ferret is tilting its head slightly to the left.,Ear Infections,Owner Observation,ferret is tilting its head slightly to the left ear infections owner observation
My dog has ear mites confirmed by the vet.,Parasites,Owner Observation,my dog has ear mites confirmed by the vet parasites owner observation
Document location and estimated size/volume of aural hematoma.,Ear Infections,Clinical Notes,document location and estimated sizevolume of aural hematoma ear infections clinical notes
My dog requires treatment for heartworm infection.,Parasites,Owner Observation,my dog requires treatment for heartworm infection parasites owner observation
Cutaneous lymphoma suspected based on multiple nodules/plaques; refer to oncologist.,Skin Irritations,Clinical Notes,cutaneous lymphoma suspected based on multiple nodulesplaques refer to oncologist skin irritations clinical notes
"Hypoadrenocorticism (Addison's condition) suspected due to waxing/waning GI signs, electrolyte abnormalities (low Na, high K).",Digestive Issues,Clinical Notes,hypoadrenocorticism addisons condition suspected due to waxingwaning gi signs electrolyte abnormalities low na high k digestive issues clinical notes
My puppy drags his rear end on the carpet after pooping.,Parasites,Owner Observation,my puppy drags his rear end on the carpet after pooping parasites owner observation
"Cat isn't grooming her hindquarters well, fur looks matted.",Mobility Problems,Owner Observation,cat isnt grooming her hindquarters well fur looks matted mobility problems owner observation
Puppy has on-and-off diarrhea since we brought him home.,Digestive Issues,Owner Observation,puppy has onandoff diarrhea since we brought him home digestive issues owner observation
Cat has hair loss and redness between the toes.,Skin Irritations,Owner Observation,cat has hair loss and redness between the toes skin irritations owner observation
"Cat is scratching under her chin, causing sores and hair loss.",Skin Irritations,Owner Observation,cat is scratching under her chin causing sores and hair loss skin irritations owner observation
"Guinea pig has intense itching fits, sometimes seems like a seizure.",Skin Irritations,Owner Observation,guinea pig has intense itching fits sometimes seems like a seizure skin irritations owner observation
My cat is drinking excessive amounts of water and vomiting frequently.,Digestive Issues,Owner Observation,my cat is drinking excessive amounts of water and vomiting frequently digestive issues owner observation
Radiographs confirm moderate to severe hip dysplasia with secondary OA changes.,Mobility Problems,Clinical Notes,radiographs confirm moderate to severe hip dysplasia with secondary oa changes mobility problems clinical notes
"Dog has dry, brittle hair coat and flaky skin.",Skin Irritations,Owner Observation,dog has dry brittle hair coat and flaky skin skin irritations owner observation
"Symptomatic treatment for pruritus (e.g., Apoquel, Cytopoint, steroids) may be needed initially.",Parasites,Clinical Notes,symptomatic treatment for pruritus eg apoquel cytopoint steroids may be needed initially parasites clinical notes
Provide handout on intestinal parasites.,Parasites,Clinical Notes,provide handout on intestinal parasites parasites clinical notes
Yeast otitis with debris; prescribe antifungal drops.,Ear Infections,Clinical Notes,yeast otitis with debris prescribe antifungal drops ear infections clinical notes
Cobalamin supplementation initiated (injectable or oral) due to documented deficiency.,Digestive Issues,Clinical Notes,cobalamin supplementation initiated injectable or oral due to documented deficiency digestive issues clinical notes
Babesia gibsoni identified on blood smear; requires specific treatment protocol.,Parasites,Clinical Notes,babesia gibsoni identified on blood smear requires specific treatment protocol parasites clinical notes
My puppy scoots his bottom on the floor frequently.,Parasites,Owner Observation,my puppy scoots his bottom on the floor frequently parasites owner observation
Advise slow transition when changing pet foods.,Digestive Issues,Clinical Notes,advise slow transition when changing pet foods digestive issues clinical notes
Progressive hind limb ataxia and paresis with intact spinal reflexes in older GSD; consistent with Degenerative Myelopathy. SOD1 testing discussed.,Mobility Problems,Clinical Notes,progressive hind limb ataxia and paresis with intact spinal reflexes in older gsd consistent with degenerative myelopathy sod testing discussed mobility problems clinical notes
Urticarial reaction observed; administer diphenhydramine and monitor.,Skin Irritations,Clinical Notes,urticarial reaction observed administer diphenhydramine and monitor skin irritations clinical notes
"My rabbit is leaving large, soft, uneaten cecotropes around.",Digestive Issues,Owner Observation,my rabbit is leaving large soft uneaten cecotropes around digestive issues owner observation
"Metabolic epidermal necrosis (superficial necrolytic dermatitis) suspected; check liver enzymes, glucose.",Skin Irritations,Clinical Notes,metabolic epidermal necrosis superficial necrolytic dermatitis suspected check liver enzymes glucose skin irritations clinical notes
"Differential diagnoses for vomiting include dietary indiscretion, FB, pancreatitis, renal condition, toxins, IBD, neoplasia.",Digestive Issues,Clinical Notes,differential diagnoses for vomiting include dietary indiscretion fb pancreatitis renal condition toxins ibd neoplasia digestive issues clinical notes
Use ear wick or packing with medication for severe stenosis.,Ear Infections,Clinical Notes,use ear wick or packing with medication for severe stenosis ear infections clinical notes
My puppy ate some mushrooms in the yard and is now vomiting.,Digestive Issues,Owner Observation,my puppy ate some mushrooms in the yard and is now vomiting digestive issues owner observation
Ruptured tympanic membrane suspected; avoid ototoxic medications.,Ear Infections,Clinical Notes,ruptured tympanic membrane suspected avoid ototoxic medications ear infections clinical notes
My cat scratches herself raw around the collar area.,Skin Irritations,Owner Observation,my cat scratches herself raw around the collar area skin irritations owner observation
Absent withdrawal reflex and deep pain perception in pelvic limbs; grave prognosis for return to function.,Mobility Problems,Clinical Notes,absent withdrawal reflex and deep pain perception in pelvic limbs grave prognosis for return to function mobility problems clinical notes
My dog has developed a head tilt.,Mobility Problems,Owner Observation,my dog has developed a head tilt mobility problems owner observation
Rule out hypothyroidism as contributing factor to chronic skin and ear condition.,Ear Infections,Clinical Notes,rule out hypothyroidism as contributing factor to chronic skin and ear condition ear infections clinical notes
Erythematous patches on muzzle; rule out autoimmune issue.,Skin Irritations,Clinical Notes,erythematous patches on muzzle rule out autoimmune issue skin irritations clinical notes
Puppy fecal exam positive for both roundworms and hookworms.,Parasites,Owner Observation,puppy fecal exam positive for both roundworms and hookworms parasites owner observation
Large bowel diarrhea suspected based on mucus and hematochezia.,Digestive Issues,Clinical Notes,large bowel diarrhea suspected based on mucus and hematochezia digestive issues clinical notes
My cat has flaky skin that seems to move when you watch it closely.,Parasites,Owner Observation,my cat has flaky skin that seems to move when you watch it closely parasites owner observation
My small dog has Legg-Calve-Perthes causing hip pain.,Mobility Problems,Owner Observation,my small dog has leggcalveperthes causing hip pain mobility problems owner observation
"Biopsy of pinnal lesion submitted; rule out immune-mediated condition (pemphigus, lupus).",Ear Infections,Clinical Notes,biopsy of pinnal lesion submitted rule out immunemediated condition pemphigus lupus ear infections clinical notes
"Anemia (low PCV) noted, likely secondary to heavy hookworm or flea burden.",Parasites,Clinical Notes,anemia low pcv noted likely secondary to heavy hookworm or flea burden parasites clinical notes
Measure and record size of any skin masses.,Skin Irritations,Clinical Notes,measure and record size of any skin masses skin irritations clinical notes
My rabbit stopped eating his pellets and cecotropes are sticking to his fur.,Digestive Issues,Owner Observation,my rabbit stopped eating his pellets and cecotropes are sticking to his fur digestive issues owner observation
"Provide detailed estimate for recommended diagnostics (cytology, culture, imaging) and treatments.",Ear Infections,Clinical Notes,provide detailed estimate for recommended diagnostics cytology culture imaging and treatments ear infections clinical notes
Trichogram shows broken hair shafts consistent with self-trauma (pruritus).,Skin Irritations,Clinical Notes,trichogram shows broken hair shafts consistent with selftrauma pruritus skin irritations clinical notes
Rabbit has lost bladder/bowel control.,Mobility Problems,Owner Observation,rabbit has lost bladderbowel control mobility problems owner observation
Guinea pig has hair loss on its nose.,Skin Irritations,Owner Observation,guinea pig has hair loss on its nose skin irritations owner observation
"Cat keeps gagging like she has a hairball, but nothing comes out.",Digestive Issues,Owner Observation,cat keeps gagging like she has a hairball but nothing comes out digestive issues owner observation
"Carefully inspect ear canal for presence of ticks, especially in endemic areas.",Ear Infections,Clinical Notes,carefully inspect ear canal for presence of ticks especially in endemic areas ear infections clinical notes
My dog had ear canal ablation surgery due to end-stage condition.,Ear Infections,Owner Observation,my dog had ear canal ablation surgery due to endstage condition ear infections owner observation
"Dog has hair loss on the tail, looks like a 'rat tail'.",Skin Irritations,Owner Observation,dog has hair loss on the tail looks like a rat tail skin irritations owner observation
Foreign body (grass awn) identified and removed from horizontal canal.,Ear Infections,Clinical Notes,foreign body grass awn identified and removed from horizontal canal ear infections clinical notes
My cat has chronic diarrhea that responds temporarily to antibiotics.,Digestive Issues,Owner Observation,my cat has chronic diarrhea that responds temporarily to antibiotics digestive issues owner observation
Excoriations around ears and neck; check for ear mites and fleas.,Skin Irritations,Clinical Notes,excoriations around ears and neck check for ear mites and fleas skin irritations clinical notes
Administer NSAID (meloxicam) for analgesia and inflammation.,Ear Infections,Clinical Notes,administer nsaid meloxicam for analgesia and inflammation ear infections clinical notes
Anal sacculitis/abscess causing pain on defecation.,Digestive Issues,Clinical Notes,anal sacculitisabscess causing pain on defecation digestive issues clinical notes
Fecal examination positive for Cystoisospora (Coccidia) oocysts.,Parasites,Clinical Notes,fecal examination positive for cystoisospora coccidia oocysts parasites clinical notes
"Consider video otoscopy for deep cleaning, biopsy, or polyp removal.",Ear Infections,Clinical Notes,consider video otoscopy for deep cleaning biopsy or polyp removal ear infections clinical notes
Kitten's fecal test showed hookworm eggs.,Parasites,Owner Observation,kittens fecal test showed hookworm eggs parasites owner observation
"My cat has chronic diarrhea, improves with antibiotics but returns.",Digestive Issues,Owner Observation,my cat has chronic diarrhea improves with antibiotics but returns digestive issues owner observation
Cobalamin (B12) levels low; initiate supplementation.,Digestive Issues,Clinical Notes,cobalamin b levels low initiate supplementation digestive issues clinical notes
My puppy has what looks like acne on his belly.,Skin Irritations,Owner Observation,my puppy has what looks like acne on his belly skin irritations owner observation
My dog has Wobbler syndrome.,Mobility Problems,Owner Observation,my dog has wobbler syndrome mobility problems owner observation
Carpal hyperextension noted; radiographs show ligamentous instability/damage. Arthrodesis may be required.,Mobility Problems,Clinical Notes,carpal hyperextension noted radiographs show ligamentous instabilitydamage arthrodesis may be required mobility problems clinical notes
"Consider systemic antifungal (e.g., fluconazole) for refractory Malassezia otitis.",Ear Infections,Clinical Notes,consider systemic antifungal eg fluconazole for refractory malassezia otitis ear infections clinical notes
Guinea pig is frantically scratching and seems distressed.,Parasites,Owner Observation,guinea pig is frantically scratching and seems distressed parasites owner observation
"Alopecia, scaling, and follicular casts present; consistent with sebaceous adenitis. Biopsy recommended.",Skin Irritations,Clinical Notes,alopecia scaling and follicular casts present consistent with sebaceous adenitis biopsy recommended skin irritations clinical notes
Rabbit is tilting its head and seems off balance.,Mobility Problems,Owner Observation,rabbit is tilting its head and seems off balance mobility problems owner observation
Yeast otitis with swelling; start oral antifungals.,Ear Infections,Clinical Notes,yeast otitis with swelling start oral antifungals ear infections clinical notes
Monitor response to elimination diet over next 8 weeks.,Skin Irritations,Clinical Notes,monitor response to elimination diet over next weeks skin irritations clinical notes
Rule out food allergy as cause of non-seasonal pruritus.,Skin Irritations,Clinical Notes,rule out food allergy as cause of nonseasonal pruritus skin irritations clinical notes
Superficial spreading pyoderma; prescribe systemic antibiotics (cephalexin).,Skin Irritations,Clinical Notes,superficial spreading pyoderma prescribe systemic antibiotics cephalexin skin irritations clinical notes
Yeast and bacteria in ear; prescribe dual therapy.,Ear Infections,Clinical Notes,yeast and bacteria in ear prescribe dual therapy ear infections clinical notes
Esophagitis suspected; prescribe sucralfate and proton pump inhibitor.,Digestive Issues,Clinical Notes,esophagitis suspected prescribe sucralfate and proton pump inhibitor digestive issues clinical notes
"Document lesion distribution, type, and severity score.",Skin Irritations,Clinical Notes,document lesion distribution type and severity score skin irritations clinical notes
"The fur on my cat's tail base is thinning, and the skin looks irritated.",Skin Irritations,Owner Observation,the fur on my cats tail base is thinning and the skin looks irritated skin irritations owner observation
Demodex mites detected; start oral ivermectin.,Parasites,Clinical Notes,demodex mites detected start oral ivermectin parasites clinical notes
Cat meows loudly if I accidentally brush against her lower back.,Mobility Problems,Owner Observation,cat meows loudly if i accidentally brush against her lower back mobility problems owner observation
Consider parasite resistance if fecal exams remain positive despite appropriate treatment.,Parasites,Clinical Notes,consider parasite resistance if fecal exams remain positive despite appropriate treatment parasites clinical notes
My dog has developed skin tags all over his body.,Skin Irritations,Owner Observation,my dog has developed skin tags all over his body skin irritations owner observation
Aggressively treat secondary bacterial and yeast components of otitis.,Ear Infections,Clinical Notes,aggressively treat secondary bacterial and yeast components of otitis ear infections clinical notes
Elevated ALT and ALP; consider primary hepatopathy vs. reactive hepatopathy. Bile acids test recommended.,Digestive Issues,Clinical Notes,elevated alt and alp consider primary hepatopathy vs reactive hepatopathy bile acids test recommended digestive issues clinical notes
My dog has myasthenia gravis causing weakness.,Mobility Problems,Owner Observation,my dog has myasthenia gravis causing weakness mobility problems owner observation
Treat Taenia tapeworms effectively with praziquantel.,Parasites,Clinical Notes,treat taenia tapeworms effectively with praziquantel parasites clinical notes
"Dog is chewing his hindquarters raw, right above the tail.",Skin Irritations,Owner Observation,dog is chewing his hindquarters raw right above the tail skin irritations owner observation
Underlying allergic condition (atopy or food allergy) likely predisposing factor for recurrent otitis.,Ear Infections,Clinical Notes,underlying allergic condition atopy or food allergy likely predisposing factor for recurrent otitis ear infections clinical notes
"Dog has hearing loss in one ear due to chronic, untreated infections.",Ear Infections,Owner Observation,dog has hearing loss in one ear due to chronic untreated infections ear infections owner observation
"Guinea pig has white, dust-like particles in its fur.",Parasites,Owner Observation,guinea pig has white dustlike particles in its fur parasites owner observation
"My dog's stomach is making loud gurgling noises, and he seems uncomfortable.",Digestive Issues,Owner Observation,my dogs stomach is making loud gurgling noises and he seems uncomfortable digestive issues owner observation
My dog shakes his head mostly right after he gets up from sleeping.,Ear Infections,Owner Observation,my dog shakes his head mostly right after he gets up from sleeping ear infections owner observation
Cat has neurological signs attributed to a middle ear infection.,Ear Infections,Owner Observation,cat has neurological signs attributed to a middle ear infection ear infections owner observation
Cytology from interdigital space reveals numerous Malassezia organisms and neutrophils.,Skin Irritations,Clinical Notes,cytology from interdigital space reveals numerous malassezia organisms and neutrophils skin irritations clinical notes
"Puppy has a dull, rough coat and seems underweight.",Parasites,Owner Observation,puppy has a dull rough coat and seems underweight parasites owner observation
Dog has a bad smell from his skin folds.,Skin Irritations,Owner Observation,dog has a bad smell from his skin folds skin irritations owner observation
Rabbit is reluctant to move.,Ear Infections,Owner Observation,rabbit is reluctant to move ear infections owner observation
Continue otic medications for at least 1 week past clinical and cytological resolution.,Ear Infections,Clinical Notes,continue otic medications for at least week past clinical and cytological resolution ear infections clinical notes
Assess hearing if possible (response to sound).,Ear Infections,Clinical Notes,assess hearing if possible response to sound ear infections clinical notes
"Puppy vomited his dinner whole, hours after eating.",Digestive Issues,Owner Observation,puppy vomited his dinner whole hours after eating digestive issues owner observation
My cat is drooling a lot and seems to have trouble swallowing.,Digestive Issues,Owner Observation,my cat is drooling a lot and seems to have trouble swallowing digestive issues owner observation
Fragmented medial coronoid process (FMCP) identified on elbow radiographs.,Mobility Problems,Clinical Notes,fragmented medial coronoid process fmcp identified on elbow radiographs mobility problems clinical notes
"Ferret has very dry, flaky skin all over.",Skin Irritations,Owner Observation,ferret has very dry flaky skin all over skin irritations owner observation
Stool soft and odorous; test for malabsorption.,Digestive Issues,Clinical Notes,stool soft and odorous test for malabsorption digestive issues clinical notes
Rabbit fecal shows pinworm eggs (Passalurus ambiguus).,Parasites,Owner Observation,rabbit fecal shows pinworm eggs passalurus ambiguus parasites owner observation
"Cat suddenly lost use of her back legs, they feel cold.",Mobility Problems,Owner Observation,cat suddenly lost use of her back legs they feel cold mobility problems owner observation
Puppy is underweight for his breed and has chronic loose stool.,Digestive Issues,Owner Observation,puppy is underweight for his breed and has chronic loose stool digestive issues owner observation
Bacterial otitis; clean and start enrofloxacin.,Ear Infections,Clinical Notes,bacterial otitis clean and start enrofloxacin ear infections clinical notes
Dog gets intensely itchy and breaks out in hives after just one flea bite.,Parasites,Owner Observation,dog gets intensely itchy and breaks out in hives after just one flea bite parasites owner observation
"Malodorous, purulent discharge from AD (right ear). Culture and sensitivity submitted due to chronicity and rod bacteria on cytology.",Ear Infections,Clinical Notes,malodorous purulent discharge from ad right ear culture and sensitivity submitted due to chronicity and rod bacteria on cytology ear infections clinical notes
Achilles tendon rupture diagnosed.,Mobility Problems,Clinical Notes,achilles tendon rupture diagnosed mobility problems clinical notes
"Rule out neoplasia (e.g., ceruminous gland adenocarcinoma) in older animal with unilateral otitis.",Ear Infections,Clinical Notes,rule out neoplasia eg ceruminous gland adenocarcinoma in older animal with unilateral otitis ear infections clinical notes
My puppy whines and pulls away when I try to touch his ears.,Ear Infections,Owner Observation,my puppy whines and pulls away when i try to touch his ears ear infections owner observation
"Cat shakes her head a lot and there's dark, crumbly stuff in her ears.",Parasites,Owner Observation,cat shakes her head a lot and theres dark crumbly stuff in her ears parasites owner observation
Palpation elicits pain response over carpus/elbow/shoulder (specify joint).,Mobility Problems,Clinical Notes,palpation elicits pain response over carpuselbowshoulder specify joint mobility problems clinical notes
Prescribe anti-diarrheal medication (loperamide) cautiously.,Digestive Issues,Clinical Notes,prescribe antidiarrheal medication loperamide cautiously digestive issues clinical notes
Initiate hydrolyzed protein diet trial for suspected inflammatory bowel condition (IBD) or food allergy.,Digestive Issues,Clinical Notes,initiate hydrolyzed protein diet trial for suspected inflammatory bowel condition ibd or food allergy digestive issues clinical notes
Discuss potential for parasite transmission between household pets.,Parasites,Clinical Notes,discuss potential for parasite transmission between household pets parasites clinical notes
Ultrasound reveals diffusely thickened small intestinal walls with loss of layering. Suggestive of IBD or infiltrative neoplasia (lymphoma).,Digestive Issues,Clinical Notes,ultrasound reveals diffusely thickened small intestinal walls with loss of layering suggestive of ibd or infiltrative neoplasia lymphoma digestive issues clinical notes
Prescribe pyrantel pamoate for roundworm and hookworm treatment.,Parasites,Clinical Notes,prescribe pyrantel pamoate for roundworm and hookworm treatment parasites clinical notes
My rabbit has thick white crusts inside its ears.,Parasites,Owner Observation,my rabbit has thick white crusts inside its ears parasites owner observation
Address owner concerns regarding treatment cost and duration.,Ear Infections,Clinical Notes,address owner concerns regarding treatment cost and duration ear infections clinical notes
My puppy was dewormed but still has occasional diarrhea.,Parasites,Owner Observation,my puppy was dewormed but still has occasional diarrhea parasites owner observation
Monitor renal and hepatic function in patients on long-term NSAIDs.,Mobility Problems,Clinical Notes,monitor renal and hepatic function in patients on longterm nsaids mobility problems clinical notes
"Discuss realistic expectations for managing chronic, end-stage ear condition.",Ear Infections,Clinical Notes,discuss realistic expectations for managing chronic endstage ear condition ear infections clinical notes
"My dog has developed skin tags, especially on his chest and legs.",Skin Irritations,Owner Observation,my dog has developed skin tags especially on his chest and legs skin irritations owner observation
Canine recurrent flank alopecia noted; seasonal pattern.,Skin Irritations,Clinical Notes,canine recurrent flank alopecia noted seasonal pattern skin irritations clinical notes
Lice infestation; apply topical permethrin.,Parasites,Clinical Notes,lice infestation apply topical permethrin parasites clinical notes
"Erythema multiforme suspected; search for trigger (drug reaction, infection).",Skin Irritations,Clinical Notes,erythema multiforme suspected search for trigger drug reaction infection skin irritations clinical notes
Evidence of self-trauma (licking) on distal limb; consider acral lick dermatitis.,Skin Irritations,Clinical Notes,evidence of selftrauma licking on distal limb consider acral lick dermatitis skin irritations clinical notes
My dog has developed a growth on his eyelid margin.,Skin Irritations,Owner Observation,my dog has developed a growth on his eyelid margin skin irritations owner observation
Found things that look like dried rice stuck near my dog's butt.,Parasites,Owner Observation,found things that look like dried rice stuck near my dogs butt parasites owner observation
"Cat has a poor appetite, which might be due to chronic joint pain.",Mobility Problems,Owner Observation,cat has a poor appetite which might be due to chronic joint pain mobility problems owner observation
"Document all findings, recommendations, and communications.",Skin Irritations,Clinical Notes,document all findings recommendations and communications skin irritations clinical notes
"My cat vomits clear or white foam, usually in the morning.",Digestive Issues,Owner Observation,my cat vomits clear or white foam usually in the morning digestive issues owner observation
"Cat finally coughed up a huge, dense hairball.",Digestive Issues,Owner Observation,cat finally coughed up a huge dense hairball digestive issues owner observation
My cat has dandruff-like flakes all over her black fur.,Skin Irritations,Owner Observation,my cat has dandrufflike flakes all over her black fur skin irritations owner observation
Discuss carboplatin chemotherapy protocol following amputation for OSA.,Mobility Problems,Clinical Notes,discuss carboplatin chemotherapy protocol following amputation for osa mobility problems clinical notes
My cat vomited something that looked like a grain of rice.,Parasites,Owner Observation,my cat vomited something that looked like a grain of rice parasites owner observation
Palliative radiation therapy recommended for pain control in non-surgical OSA candidate.,Mobility Problems,Clinical Notes,palliative radiation therapy recommended for pain control in nonsurgical osa candidate mobility problems clinical notes
Use milbemycin oxime/spinosad (Trifexis) for heartworm/flea/intestinal parasite prevention (dogs only).,Parasites,Clinical Notes,use milbemycin oximespinosad trifexis for heartwormfleaintestinal parasite prevention dogs only parasites clinical notes
Allergen-specific immunotherapy (ASIT) discussed as long-term option for atopy.,Skin Irritations,Clinical Notes,allergenspecific immunotherapy asit discussed as longterm option for atopy skin irritations clinical notes
Consider referral to surgeon for TECA or polyp removal.,Ear Infections,Clinical Notes,consider referral to surgeon for teca or polyp removal ear infections clinical notes
"My cat vomits white foam occasionally, unrelated to meals.",Digestive Issues,Owner Observation,my cat vomits white foam occasionally unrelated to meals digestive issues owner observation
"Referral for orthopedic surgery consultation recommended (e.g., TPLO for CCL rupture, FHO for hip dysplasia).",Mobility Problems,Clinical Notes,referral for orthopedic surgery consultation recommended eg tplo for ccl rupture fho for hip dysplasia mobility problems clinical notes
My dog's ear infection spread to the other ear.,Ear Infections,Owner Observation,my dogs ear infection spread to the other ear ear infections owner observation
Identified plant awn (foxtail) deep in horizontal canal; removed via alligator forceps.,Ear Infections,Clinical Notes,identified plant awn foxtail deep in horizontal canal removed via alligator forceps ear infections clinical notes
"Rabbit isn't using its litter box, just staying in one spot.",Mobility Problems,Owner Observation,rabbit isnt using its litter box just staying in one spot mobility problems owner observation
Check FeLV/FIV status in cats with unusual or severe skin condition.,Skin Irritations,Clinical Notes,check felvfiv status in cats with unusual or severe skin condition skin irritations clinical notes
"Recommend topical flea/tick preventative (e.g., fipronil, selamectin, isoxazoline).",Parasites,Clinical Notes,recommend topical fleatick preventative eg fipronil selamectin isoxazoline parasites clinical notes
Fecal flotation positive for Ancylostoma caninum (hookworm) eggs.,Parasites,Clinical Notes,fecal flotation positive for ancylostoma caninum hookworm eggs parasites clinical notes
"Adult-onset demodicosis warrants investigation for underlying immunosuppression (e.g., neoplasia, endocrine condition, immunosuppressive drugs).",Parasites,Clinical Notes,adultonset demodicosis warrants investigation for underlying immunosuppression eg neoplasia endocrine condition immunosuppressive drugs parasites clinical notes
Trichogram reveals damaged hair shafts consistent with excessive licking.,Skin Irritations,Clinical Notes,trichogram reveals damaged hair shafts consistent with excessive licking skin irritations clinical notes
My cat started shaking her head right after coming back from the groomer.,Ear Infections,Owner Observation,my cat started shaking her head right after coming back from the groomer ear infections owner observation
"My ferret is grinding its teeth and has dark, tarry stools.",Digestive Issues,Owner Observation,my ferret is grinding its teeth and has dark tarry stools digestive issues owner observation
"Bloodwork reveals mild non-regenerative anemia, hypoalbuminemia, and low cobalamin. Ultrasound recommended.",Digestive Issues,Clinical Notes,bloodwork reveals mild nonregenerative anemia hypoalbuminemia and low cobalamin ultrasound recommended digestive issues clinical notes
"Discuss potential complications of ear surgery (facial nerve paralysis, hearing loss).",Ear Infections,Clinical Notes,discuss potential complications of ear surgery facial nerve paralysis hearing loss ear infections clinical notes
Rabbit struggles and seems painful when I try to pick it up.,Mobility Problems,Owner Observation,rabbit struggles and seems painful when i try to pick it up mobility problems owner observation
Pemphigus foliaceus suspected due to crusting on face and paws; biopsy for histopathology.,Skin Irritations,Clinical Notes,pemphigus foliaceus suspected due to crusting on face and paws biopsy for histopathology skin irritations clinical notes
"Puppy has small, pus-filled bumps on his belly and groin.",Skin Irritations,Owner Observation,puppy has small pusfilled bumps on his belly and groin skin irritations owner observation
Bacterial otitis; clean and apply antibiotic drops.,Ear Infections,Clinical Notes,bacterial otitis clean and apply antibiotic drops ear infections clinical notes
Rabbit's belly feels hard and distended.,Digestive Issues,Owner Observation,rabbits belly feels hard and distended digestive issues owner observation
Dog's ear canal bleeds when I try to clean it gently.,Ear Infections,Owner Observation,dogs ear canal bleeds when i try to clean it gently ear infections owner observation
Advise owner to seek immediate attention if neurological signs develop or worsen.,Ear Infections,Clinical Notes,advise owner to seek immediate attention if neurological signs develop or worsen ear infections clinical notes
"My cat's ears have a really strong, yeasty smell.",Ear Infections,Owner Observation,my cats ears have a really strong yeasty smell ear infections owner observation
"Ensure owner understands how to properly store (e.g., refrigerate) and warm medications if needed.",Ear Infections,Clinical Notes,ensure owner understands how to properly store eg refrigerate and warm medications if needed ear infections clinical notes
Cat flinches and tensees up when I touch her belly.,Digestive Issues,Owner Observation,cat flinches and tensees up when i touch her belly digestive issues owner observation
Prescribe sarolaner (Simparica) or lotilaner (Credelio) for monthly flea and tick control.,Parasites,Clinical Notes,prescribe sarolaner simparica or lotilaner credelio for monthly flea and tick control parasites clinical notes
Campylobacter jejuni isolated from fecal culture; treat with erythromycin if clinical signs warrant.,Digestive Issues,Clinical Notes,campylobacter jejuni isolated from fecal culture treat with erythromycin if clinical signs warrant digestive issues clinical notes
My dog slipped a disc and needs crate rest.,Mobility Problems,Owner Observation,my dog slipped a disc and needs crate rest mobility problems owner observation
My dog's hips make a popping sound when he walks.,Mobility Problems,Owner Observation,my dogs hips make a popping sound when he walks mobility problems owner observation
"Rabbit presents with anorexia and decreased fecal output x 36 hrs. Abdomen slightly distended, doughy cecum palpated. Suspect GI stasis.",Digestive Issues,Clinical Notes,rabbit presents with anorexia and decreased fecal output x hrs abdomen slightly distended doughy cecum palpated suspect gi stasis digestive issues clinical notes
My rabbit's ear is drooping.,Ear Infections,Owner Observation,my rabbits ear is drooping ear infections owner observation
Puppy's ears feel warmer than the rest of his body.,Ear Infections,Owner Observation,puppys ears feel warmer than the rest of his body ear infections owner observation
My dog won't stop shaking his head and flapping his ears.,Ear Infections,Owner Observation,my dog wont stop shaking his head and flapping his ears ear infections owner observation
Cat no longer jumps up onto counters or windowsills.,Mobility Problems,Owner Observation,cat no longer jumps up onto counters or windowsills mobility problems owner observation
"Assess quality of life using validated scale (e.g., Helsinki Chronic Pain Index, Canine Brief Pain Inventory).",Mobility Problems,Clinical Notes,assess quality of life using validated scale eg helsinki chronic pain index canine brief pain inventory mobility problems clinical notes
Advise owner that Sarcoptes mites can cause transient pruritus in humans.,Parasites,Clinical Notes,advise owner that sarcoptes mites can cause transient pruritus in humans parasites clinical notes
Perform acetate tape preparation to check for yeast/bacteria.,Skin Irritations,Clinical Notes,perform acetate tape preparation to check for yeastbacteria skin irritations clinical notes
Verify owner compliance with administration of monthly preventatives.,Parasites,Clinical Notes,verify owner compliance with administration of monthly preventatives parasites clinical notes
Exploratory laparotomy performed; biopsies collected.,Digestive Issues,Clinical Notes,exploratory laparotomy performed biopsies collected digestive issues clinical notes
Demonstrate proper technique for administering oral liquid medications or pilling.,Digestive Issues,Clinical Notes,demonstrate proper technique for administering oral liquid medications or pilling digestive issues clinical notes
Vomiting with no obstruction; monitor and hydrate.,Digestive Issues,Clinical Notes,vomiting with no obstruction monitor and hydrate digestive issues clinical notes
Esophagostomy tube placed for long-term nutritional support in anorexic feline patient.,Digestive Issues,Clinical Notes,esophagostomy tube placed for longterm nutritional support in anorexic feline patient digestive issues clinical notes
My rabbit is producing 'string of pearls' feces (hair linked together).,Digestive Issues,Owner Observation,my rabbit is producing string of pearls feces hair linked together digestive issues owner observation
My ferret seems lethargic because of the ear issue.,Ear Infections,Owner Observation,my ferret seems lethargic because of the ear issue ear infections owner observation
My puppy might have a foxtail or grass seed stuck down in his ear.,Ear Infections,Owner Observation,my puppy might have a foxtail or grass seed stuck down in his ear ear infections owner observation
Advise use of E-collar to prevent self-trauma.,Skin Irritations,Clinical Notes,advise use of ecollar to prevent selftrauma skin irritations clinical notes
My ferret has scabs around its neck and shoulders.,Skin Irritations,Owner Observation,my ferret has scabs around its neck and shoulders skin irritations owner observation
Tapeworm infection; prescribe drontal.,Parasites,Clinical Notes,tapeworm infection prescribe drontal parasites clinical notes
"Degenerative myelopathy suspected based on breed, age, progressive UMN signs in hind limbs; genetic testing available.",Mobility Problems,Clinical Notes,degenerative myelopathy suspected based on breed age progressive umn signs in hind limbs genetic testing available mobility problems clinical notes
My dog's back seems hunched or arched.,Mobility Problems,Owner Observation,my dogs back seems hunched or arched mobility problems owner observation
My dog has a sudden inability to walk (paralysis).,Mobility Problems,Owner Observation,my dog has a sudden inability to walk paralysis mobility problems owner observation
"Rabbit seems depressed and isn't eating much, maybe pain related.",Mobility Problems,Owner Observation,rabbit seems depressed and isnt eating much maybe pain related mobility problems owner observation
My dog avoids the hardwood floors and prefers rugs.,Mobility Problems,Owner Observation,my dog avoids the hardwood floors and prefers rugs mobility problems owner observation
"Primary secretory otitis media (PSOM) suspected; bulging, opaque TM noted. Myringotomy may be indicated.",Ear Infections,Clinical Notes,primary secretory otitis media psom suspected bulging opaque tm noted myringotomy may be indicated ear infections clinical notes
Discuss potential side effects of long-term steroid use.,Skin Irritations,Clinical Notes,discuss potential side effects of longterm steroid use skin irritations clinical notes
Puppy has Demodex mites causing localized hair loss.,Parasites,Owner Observation,puppy has demodex mites causing localized hair loss parasites owner observation
Cat has suddenly become very picky about food.,Digestive Issues,Owner Observation,cat has suddenly become very picky about food digestive issues owner observation
My dog has a decreased appetite and seems generally unwell.,Digestive Issues,Owner Observation,my dog has a decreased appetite and seems generally unwell digestive issues owner observation
Prescribe oclacitinib (Apoquel) or corticosteroids for rapid relief of intense pruritus associated with FAD/mange.,Parasites,Clinical Notes,prescribe oclacitinib apoquel or corticosteroids for rapid relief of intense pruritus associated with fadmange parasites clinical notes
My cat has tapeworm segments appearing intermittently.,Parasites,Owner Observation,my cat has tapeworm segments appearing intermittently parasites owner observation
"My dog pants excessively, even when resting.",Mobility Problems,Owner Observation,my dog pants excessively even when resting mobility problems owner observation
My dog's tail has become completely bald (rat tail).,Skin Irritations,Owner Observation,my dogs tail has become completely bald rat tail skin irritations owner observation
"Noticed a small, wart-like growth on my dog's eyelid.",Skin Irritations,Owner Observation,noticed a small wartlike growth on my dogs eyelid skin irritations owner observation
My dog's nose leather is cracked and dry.,Skin Irritations,Owner Observation,my dogs nose leather is cracked and dry skin irritations owner observation
Assess contralateral ear even if asymptomatic.,Ear Infections,Clinical Notes,assess contralateral ear even if asymptomatic ear infections clinical notes
"Kitten is sneezing frequently, could it be a nasal parasite?",Parasites,Owner Observation,kitten is sneezing frequently could it be a nasal parasite parasites owner observation
"Suspect GDV based on signalment, non-productive retching, and abdominal distension. Stabilize and perform emergency surgery.",Digestive Issues,Clinical Notes,suspect gdv based on signalment nonproductive retching and abdominal distension stabilize and perform emergency surgery digestive issues clinical notes
My cat is walking with her head tilted sharply to the right.,Ear Infections,Owner Observation,my cat is walking with her head tilted sharply to the right ear infections owner observation
Cat growls or hisses when I try to pet her lower back or hips.,Mobility Problems,Owner Observation,cat growls or hisses when i try to pet her lower back or hips mobility problems owner observation
Abdominal distension; radiograph for obstruction.,Digestive Issues,Clinical Notes,abdominal distension radiograph for obstruction digestive issues clinical notes
"Alopecia and scaling on dorsum; rule out dermatophytosis, collect fungal culture.",Skin Irritations,Clinical Notes,alopecia and scaling on dorsum rule out dermatophytosis collect fungal culture skin irritations clinical notes
Subcutaneous Cuterebra larva identified by breathing pore; surgically remove intact larva.,Parasites,Clinical Notes,subcutaneous cuterebra larva identified by breathing pore surgically remove intact larva parasites clinical notes
Ferret has lost almost all the hair on its tail.,Skin Irritations,Owner Observation,ferret has lost almost all the hair on its tail skin irritations owner observation
Puppy vomited a piece of a toy.,Digestive Issues,Owner Observation,puppy vomited a piece of a toy digestive issues owner observation
Pain elicited on tail jack and direct palpation over lumbosacral junction; suspect degenerative lumbosacral stenosis (DLSS).,Mobility Problems,Clinical Notes,pain elicited on tail jack and direct palpation over lumbosacral junction suspect degenerative lumbosacral stenosis dlss mobility problems clinical notes
"Feline panleukopenia virus antigen test positive in unvaccinated kitten with severe leukopenia, V/D.",Digestive Issues,Clinical Notes,feline panleukopenia virus antigen test positive in unvaccinated kitten with severe leukopenia vd digestive issues clinical notes
My rabbit’s hind legs shake when hopping.,Mobility Problems,Owner Observation,my rabbit’s hind legs shake when hopping mobility problems owner observation
My rabbit is producing fecal pellets linked by strands of hair.,Digestive Issues,Owner Observation,my rabbit is producing fecal pellets linked by strands of hair digestive issues owner observation
"My rabbit is stretching out frequently, looks uncomfortable.",Digestive Issues,Owner Observation,my rabbit is stretching out frequently looks uncomfortable digestive issues owner observation
Cutaneous trunci reflex cutoff identified.,Mobility Problems,Clinical Notes,cutaneous trunci reflex cutoff identified mobility problems clinical notes
"Dog has red bumps all over his belly, and I found black 'dirt' that smears red.",Parasites,Owner Observation,dog has red bumps all over his belly and i found black dirt that smears red parasites owner observation
"Consider placement of BNT (Bactericidal, Nematicidal, Triamcinolone) packing in stenotic canals.",Ear Infections,Clinical Notes,consider placement of bnt bactericidal nematicidal triamcinolone packing in stenotic canals ear infections clinical notes
"Rule out aberrant parasite migration (e.g., Cuterebra in brain) with advanced imaging if neurological signs present.",Parasites,Clinical Notes,rule out aberrant parasite migration eg cuterebra in brain with advanced imaging if neurological signs present parasites clinical notes
Chronic otitis externa and recurrent skin infections; strong suspicion for underlying atopic dermatitis.,Skin Irritations,Clinical Notes,chronic otitis externa and recurrent skin infections strong suspicion for underlying atopic dermatitis skin irritations clinical notes
Complete neurological exam performed and findings localized lesion to C1-C5 / C6-T2 / T3-L3 / L4-S3 spinal cord segments / neuromuscular / multifocal.,Mobility Problems,Clinical Notes,complete neurological exam performed and findings localized lesion to cc ct tl ls spinal cord segments neuromuscular multifocal mobility problems clinical notes
Rabbit has crusting and hair loss around the ear base.,Ear Infections,Owner Observation,rabbit has crusting and hair loss around the ear base ear infections owner observation
Cat has vestibular signs that started suddenly.,Ear Infections,Owner Observation,cat has vestibular signs that started suddenly ear infections owner observation
My cat has resistant ear mites.,Parasites,Owner Observation,my cat has resistant ear mites parasites owner observation
"Clinical signs (caudal dorsal pruritus, papules, excoriations) highly suggestive of Flea Allergy Dermatitis (FAD). Strict flea control essential.",Parasites,Clinical Notes,clinical signs caudal dorsal pruritus papules excoriations highly suggestive of flea allergy dermatitis fad strict flea control essential parasites clinical notes
Nasogastric tube placed for nutritional support.,Digestive Issues,Clinical Notes,nasogastric tube placed for nutritional support digestive issues clinical notes
My puppy has floppy ears that don't get much air circulation.,Ear Infections,Owner Observation,my puppy has floppy ears that dont get much air circulation ear infections owner observation
My dog has allergies and gets ear infections frequently.,Ear Infections,Owner Observation,my dog has allergies and gets ear infections frequently ear infections owner observation
My guinea pig’s ears have dark wax and smell bad.,Ear Infections,Owner Observation,my guinea pig’s ears have dark wax and smell bad ear infections owner observation
My dog has Lyme arthritis causing lameness that shifts legs.,Mobility Problems,Owner Observation,my dog has lyme arthritis causing lameness that shifts legs mobility problems owner observation
Otoscopy: Right TM intact but erythematous. Left TM obscured by purulent debris and canal stenosis.,Ear Infections,Clinical Notes,otoscopy right tm intact but erythematous left tm obscured by purulent debris and canal stenosis ear infections clinical notes
"Fecal analysis: Direct smear negative for motile organisms, flotation negative for ova/parasites.",Digestive Issues,Clinical Notes,fecal analysis direct smear negative for motile organisms flotation negative for ovaparasites digestive issues clinical notes
"My Doberman has Wobbler's, causing a clumsy gait.",Mobility Problems,Owner Observation,my doberman has wobblers causing a clumsy gait mobility problems owner observation
"My dog had an infection in one ear, now the other one seems affected too.",Ear Infections,Owner Observation,my dog had an infection in one ear now the other one seems affected too ear infections owner observation
"Fecal culture positive for Clostridium perfringens enterotoxin; treat symptomatically, consider metronidazole if severe.",Digestive Issues,Clinical Notes,fecal culture positive for clostridium perfringens enterotoxin treat symptomatically consider metronidazole if severe digestive issues clinical notes
"Toxoplasma gondii IgM titer positive, suggesting active/recent infection. Discuss treatment (clindamycin) and zoonotic precautions.",Parasites,Clinical Notes,toxoplasma gondii igm titer positive suggesting activerecent infection discuss treatment clindamycin and zoonotic precautions parasites clinical notes
"My ferret is lethargic and passing dark, sticky feces.",Digestive Issues,Owner Observation,my ferret is lethargic and passing dark sticky feces digestive issues owner observation
Lyme C6 antibody test positive; initiate doxycycline therapy.,Mobility Problems,Clinical Notes,lyme c antibody test positive initiate doxycycline therapy mobility problems clinical notes
"My cat hunts mice, should I be worried about worms?",Parasites,Owner Observation,my cat hunts mice should i be worried about worms parasites owner observation
My dog has heartworm condition and needs treatment.,Parasites,Owner Observation,my dog has heartworm condition and needs treatment parasites owner observation
"Patient presents for acute onset vomiting (x5 today) and anorexia. Mild dehydration noted (tacky MM, CRT 2s).",Digestive Issues,Clinical Notes,patient presents for acute onset vomiting x today and anorexia mild dehydration noted tacky mm crt s digestive issues clinical notes
My puppy's ears need regular cleaning to prevent issues.,Ear Infections,Owner Observation,my puppys ears need regular cleaning to prevent issues ear infections owner observation
My cat has inflammation deep in the ear canal.,Ear Infections,Owner Observation,my cat has inflammation deep in the ear canal ear infections owner observation
Educate owner on proper ear medication administration technique.,Ear Infections,Clinical Notes,educate owner on proper ear medication administration technique ear infections clinical notes
My bird is plucking its own feathers out.,Parasites,Owner Observation,my bird is plucking its own feathers out parasites owner observation
Rabbit has Passalurus ambiguus (pinworms).,Parasites,Owner Observation,rabbit has passalurus ambiguus pinworms parasites owner observation
Rule out hypothyroidism via T4/TSH/free T4 testing.,Skin Irritations,Clinical Notes,rule out hypothyroidism via ttshfree t testing skin irritations clinical notes
Discuss long-term prognosis and expected outcomes with owner.,Mobility Problems,Clinical Notes,discuss longterm prognosis and expected outcomes with owner mobility problems clinical notes
My indoor-only cat somehow got fleas.,Parasites,Owner Observation,my indooronly cat somehow got fleas parasites owner observation
"My cat has intermittent constipation, goes several days without defecating.",Digestive Issues,Owner Observation,my cat has intermittent constipation goes several days without defecating digestive issues owner observation
My dog has dandruff-like scales along his back.,Parasites,Owner Observation,my dog has dandrufflike scales along his back parasites owner observation
Provide client handout illustrating common intestinal parasites and their control.,Parasites,Clinical Notes,provide client handout illustrating common intestinal parasites and their control parasites clinical notes
Consider acupuncture or chiropractic care as adjunctive therapies.,Mobility Problems,Clinical Notes,consider acupuncture or chiropractic care as adjunctive therapies mobility problems clinical notes
Advise avoidance of known allergens if possible.,Skin Irritations,Clinical Notes,advise avoidance of known allergens if possible skin irritations clinical notes
Otitis media/interna common sequela to respiratory infection in rabbits.,Ear Infections,Clinical Notes,otitis mediainterna common sequela to respiratory infection in rabbits ear infections clinical notes
"Wet tail in hamster; guarded prognosis, provide heat support, antibiotics, fluids.",Digestive Issues,Clinical Notes,wet tail in hamster guarded prognosis provide heat support antibiotics fluids digestive issues clinical notes
Consider therapeutic laser sessions.,Mobility Problems,Clinical Notes,consider therapeutic laser sessions mobility problems clinical notes
My cat's skin irritation (miliary dermatitis) is caused by fleas.,Parasites,Owner Observation,my cats skin irritation miliary dermatitis is caused by fleas parasites owner observation
My hamster has diarrhea and a wet tail area.,Digestive Issues,Owner Observation,my hamster has diarrhea and a wet tail area digestive issues owner observation
"My dog's breath smells unusually foul, almost like sewage.",Digestive Issues,Owner Observation,my dogs breath smells unusually foul almost like sewage digestive issues owner observation
Utilize zinc sulfate centrifugation for fecal flotation to improve Giardia cyst detection.,Parasites,Clinical Notes,utilize zinc sulfate centrifugation for fecal flotation to improve giardia cyst detection parasites clinical notes
Schedule phone update or recheck appointment based on patient stability and owner preference.,Digestive Issues,Clinical Notes,schedule phone update or recheck appointment based on patient stability and owner preference digestive issues clinical notes
Fecal score recorded (using standardized chart).,Digestive Issues,Clinical Notes,fecal score recorded using standardized chart digestive issues clinical notes
My dog has progressive hind limb weakness diagnosed as DM.,Mobility Problems,Owner Observation,my dog has progressive hind limb weakness diagnosed as dm mobility problems owner observation
Pet’s belly is distended and he’s lethargic.,Digestive Issues,Owner Observation,pet’s belly is distended and he’s lethargic digestive issues owner observation
"My rabbit has thick, honey-colored crusts filling its ear canals.",Parasites,Owner Observation,my rabbit has thick honeycolored crusts filling its ear canals parasites owner observation
"Recommend physical therapy/rehabilitation (e.g., underwater treadmill, laser therapy, passive range of motion exercises).",Mobility Problems,Clinical Notes,recommend physical therapyrehabilitation eg underwater treadmill laser therapy passive range of motion exercises mobility problems clinical notes
Pattern baldness (pinnal alopecia) noted in Dachshund; cosmetic issue.,Skin Irritations,Clinical Notes,pattern baldness pinnal alopecia noted in dachshund cosmetic issue skin irritations clinical notes
"My cat has Toxoplasma antibodies, need to discuss risks.",Parasites,Owner Observation,my cat has toxoplasma antibodies need to discuss risks parasites owner observation
My rabbit's appetite has slowly decreased over several days.,Digestive Issues,Owner Observation,my rabbits appetite has slowly decreased over several days digestive issues owner observation
Osteochondritis dissecans (OCD) flap identified on caudal aspect of humeral head.,Mobility Problems,Clinical Notes,osteochondritis dissecans ocd flap identified on caudal aspect of humeral head mobility problems clinical notes
"Monitor for fever, lethargy, anorexia indicating systemic involvement.",Ear Infections,Clinical Notes,monitor for fever lethargy anorexia indicating systemic involvement ear infections clinical notes
Otitis externa with erythema; prescribe steroid therapy.,Ear Infections,Clinical Notes,otitis externa with erythema prescribe steroid therapy ear infections clinical notes
My dog injured his back (IVDD) and requires strict rest.,Mobility Problems,Owner Observation,my dog injured his back ivdd and requires strict rest mobility problems owner observation
"Palpable medial buttress (fibrosis of joint capsule) present in left stifle, indicative of chronic CCL condition.",Mobility Problems,Clinical Notes,palpable medial buttress fibrosis of joint capsule present in left stifle indicative of chronic ccl condition mobility problems clinical notes
Ferret is scratching under its arms.,Skin Irritations,Owner Observation,ferret is scratching under its arms skin irritations owner observation
"Neoplasia (e.g., adenocarcinoma, lymphoma) high on differential list for older animal.",Digestive Issues,Clinical Notes,neoplasia eg adenocarcinoma lymphoma high on differential list for older animal digestive issues clinical notes
Kitten still has diarrhea despite multiple deworming treatments.,Parasites,Owner Observation,kitten still has diarrhea despite multiple deworming treatments parasites owner observation
"Dog coughs sometimes, vet mentioned possible heartworm or lungworm.",Parasites,Owner Observation,dog coughs sometimes vet mentioned possible heartworm or lungworm parasites owner observation
Consider referral to neurologist if central vestibular signs suspected.,Ear Infections,Clinical Notes,consider referral to neurologist if central vestibular signs suspected ear infections clinical notes
"Immune-mediated polyarthritis suspected; perform joint taps on multiple joints (carpi, stifles, hocks), ANA titer, rheumatoid factor.",Mobility Problems,Clinical Notes,immunemediated polyarthritis suspected perform joint taps on multiple joints carpi stifles hocks ana titer rheumatoid factor mobility problems clinical notes
Ensure rabbit environment is clean to prevent flystrike.,Parasites,Clinical Notes,ensure rabbit environment is clean to prevent flystrike parasites clinical notes
Instruct owner on proper administration of oral medications.,Digestive Issues,Clinical Notes,instruct owner on proper administration of oral medications digestive issues clinical notes
Treat secondary pyoderma with appropriate antibiotics based on cytology/culture.,Parasites,Clinical Notes,treat secondary pyoderma with appropriate antibiotics based on cytologyculture parasites clinical notes
Recommend imaging (CT or MRI) to evaluate middle and inner ear structures.,Ear Infections,Clinical Notes,recommend imaging ct or mri to evaluate middle and inner ear structures ear infections clinical notes
"Dog shivers or trembles, seems like he's in pain.",Mobility Problems,Owner Observation,dog shivers or trembles seems like hes in pain mobility problems owner observation
Cat has arthritis secondary to previous injury.,Mobility Problems,Owner Observation,cat has arthritis secondary to previous injury mobility problems owner observation
"Kitten has severe, bloody diarrhea caused by Coccidia.",Parasites,Owner Observation,kitten has severe bloody diarrhea caused by coccidia parasites owner observation
Strategic deworming protocol recommended for puppies/kittens.,Parasites,Clinical Notes,strategic deworming protocol recommended for puppieskittens parasites clinical notes
Recommend hypoallergenic diet trial for suspected food allergy.,Digestive Issues,Clinical Notes,recommend hypoallergenic diet trial for suspected food allergy digestive issues clinical notes
Prescribe spinosad (Comfortis) or spinetoram (Cheristin) for flea control.,Parasites,Clinical Notes,prescribe spinosad comfortis or spinetoram cheristin for flea control parasites clinical notes
Exocrine pancreatic insufficiency (EPI) suspected due to steatorrhea and weight loss; TLI test recommended.,Digestive Issues,Clinical Notes,exocrine pancreatic insufficiency epi suspected due to steatorrhea and weight loss tli test recommended digestive issues clinical notes
Cat has shown no interest in food for 24 hours.,Digestive Issues,Owner Observation,cat has shown no interest in food for hours digestive issues owner observation
Assess hearing crudely via response to auditory stimuli (clap test). BAER testing definitive.,Ear Infections,Clinical Notes,assess hearing crudely via response to auditory stimuli clap test baer testing definitive ear infections clinical notes
Cerenia injection administered for anti-emetic effect.,Digestive Issues,Clinical Notes,cerenia injection administered for antiemetic effect digestive issues clinical notes
Ferret has thinning fur overall.,Skin Irritations,Owner Observation,ferret has thinning fur overall skin irritations owner observation
My cat seems off balance and walks in circles sometimes.,Ear Infections,Owner Observation,my cat seems off balance and walks in circles sometimes ear infections owner observation
Suspect gastric ulceration due to melena/hematemesis and NSAID history. Start omeprazole and sucralfate.,Digestive Issues,Clinical Notes,suspect gastric ulceration due to melenahematemesis and nsaid history start omeprazole and sucralfate digestive issues clinical notes
"My rabbit has soft, unformed droppings instead of normal pellets.",Digestive Issues,Owner Observation,my rabbit has soft unformed droppings instead of normal pellets digestive issues owner observation
Cat shows pain when her spine is gently pressed.,Mobility Problems,Owner Observation,cat shows pain when her spine is gently pressed mobility problems owner observation
Chronic constipation; prescribe lactulose.,Digestive Issues,Clinical Notes,chronic constipation prescribe lactulose digestive issues clinical notes
"My rabbit's fur looks like it has dandruff, but the flakes are moving!",Parasites,Owner Observation,my rabbits fur looks like it has dandruff but the flakes are moving parasites owner observation
Cat is hiding more and interacting less.,Mobility Problems,Owner Observation,cat is hiding more and interacting less mobility problems owner observation
Legg-Calve-Perthes condition (avascular necrosis of femoral head) suspected in young small breed dog.,Mobility Problems,Clinical Notes,leggcalveperthes condition avascular necrosis of femoral head suspected in young small breed dog mobility problems clinical notes
My cat started peeing next to the litter box instead of climbing in.,Mobility Problems,Owner Observation,my cat started peeing next to the litter box instead of climbing in mobility problems owner observation
Administer Apoquel for rapid relief of allergic itch.,Skin Irritations,Clinical Notes,administer apoquel for rapid relief of allergic itch skin irritations clinical notes
Intradermal allergy testing indicated for non-seasonal pruritus.,Skin Irritations,Clinical Notes,intradermal allergy testing indicated for nonseasonal pruritus skin irritations clinical notes
Radiographs show narrowing of L7-S1 disc space.,Mobility Problems,Clinical Notes,radiographs show narrowing of ls disc space mobility problems clinical notes
Spondylosis deformans noted incidentally on spinal radiographs; may not be clinically significant.,Mobility Problems,Clinical Notes,spondylosis deformans noted incidentally on spinal radiographs may not be clinically significant mobility problems clinical notes
My cat was diagnosed with lungworm after chronic respiratory signs.,Parasites,Owner Observation,my cat was diagnosed with lungworm after chronic respiratory signs parasites owner observation
"Guinea pig has lice, visible as small white dots.",Parasites,Owner Observation,guinea pig has lice visible as small white dots parasites owner observation
Guinea pig has dandruff that seems to be moving.,Parasites,Owner Observation,guinea pig has dandruff that seems to be moving parasites owner observation
Treat tick-borne condition with doxycycline.,Parasites,Clinical Notes,treat tickborne condition with doxycycline parasites clinical notes
My rabbit vomited a small amount of green fluid.,Digestive Issues,Owner Observation,my rabbit vomited a small amount of green fluid digestive issues owner observation
Dog has swimmer's ear.,Ear Infections,Owner Observation,dog has swimmers ear ear infections owner observation
Juvenile cellulitis (puppy strangles) presenting with facial swelling and pustules.,Skin Irritations,Clinical Notes,juvenile cellulitis puppy strangles presenting with facial swelling and pustules skin irritations clinical notes
My dog gets ear infections every summer after swimming in the lake.,Ear Infections,Owner Observation,my dog gets ear infections every summer after swimming in the lake ear infections owner observation
Myringotomy performed to sample middle ear fluid.,Ear Infections,Clinical Notes,myringotomy performed to sample middle ear fluid ear infections clinical notes
Parvovirus snap test positive; initiate isolation protocol and supportive care.,Digestive Issues,Clinical Notes,parvovirus snap test positive initiate isolation protocol and supportive care digestive issues clinical notes
Document parasite findings and treatment plan in medical record.,Parasites,Clinical Notes,document parasite findings and treatment plan in medical record parasites clinical notes
Ferret has diarrhea and is dehydrated.,Digestive Issues,Owner Observation,ferret has diarrhea and is dehydrated digestive issues owner observation
My dog has Ehrlichia from a tick.,Parasites,Owner Observation,my dog has ehrlichia from a tick parasites owner observation
Administer subcutaneous fluids for rehydration.,Digestive Issues,Clinical Notes,administer subcutaneous fluids for rehydration digestive issues clinical notes
"Instruct owner on monitoring toes for swelling, coldness, or odor distal to cast/splint.",Mobility Problems,Clinical Notes,instruct owner on monitoring toes for swelling coldness or odor distal to castsplint mobility problems clinical notes
"My cat had ear polyps removed before, worried they are back.",Ear Infections,Owner Observation,my cat had ear polyps removed before worried they are back ear infections owner observation
"Protein-losing enteropathy (PLE) suspected; differentials include lymphangiectasia, IBD, lymphoma. Further workup needed.",Digestive Issues,Clinical Notes,proteinlosing enteropathy ple suspected differentials include lymphangiectasia ibd lymphoma further workup needed digestive issues clinical notes
My puppy had roundworms treated but still has diarrhea.,Parasites,Owner Observation,my puppy had roundworms treated but still has diarrhea parasites owner observation
Found a flea on myself after petting the cat.,Parasites,Owner Observation,found a flea on myself after petting the cat parasites owner observation
My cat has sores appearing on her paw pads.,Skin Irritations,Owner Observation,my cat has sores appearing on her paw pads skin irritations owner observation
"Treat Cheyletiella with selamectin, ivermectin, or fipronil.",Parasites,Clinical Notes,treat cheyletiella with selamectin ivermectin or fipronil parasites clinical notes
"Panosteitis suspected in young, large breed dog with shifting leg lameness and long bone pain on palpation.",Mobility Problems,Clinical Notes,panosteitis suspected in young large breed dog with shifting leg lameness and long bone pain on palpation mobility problems clinical notes
My dog's knees look puffy and feel warm.,Mobility Problems,Owner Observation,my dogs knees look puffy and feel warm mobility problems owner observation
Puppy has redness and irritation around his genitals.,Skin Irritations,Owner Observation,puppy has redness and irritation around his genitals skin irritations owner observation
"Use milbemycin oxime (Interceptor, Sentinel) for heartworm/roundworm/hookworm/whipworm prevention.",Parasites,Clinical Notes,use milbemycin oxime interceptor sentinel for heartwormroundwormhookwormwhipworm prevention parasites clinical notes
Reassess pain control at each visit.,Mobility Problems,Clinical Notes,reassess pain control at each visit mobility problems clinical notes
Cat has pain when her spine is palpated.,Mobility Problems,Owner Observation,cat has pain when her spine is palpated mobility problems owner observation
"Suspect contact dermatitis on ventral chest/abdomen; advise owner regarding potential irritants (bedding, cleaners).",Skin Irritations,Clinical Notes,suspect contact dermatitis on ventral chestabdomen advise owner regarding potential irritants bedding cleaners skin irritations clinical notes
"Implement routine deworming schedule for puppies/kittens (e.g., starting at 2 weeks, repeat every 2 weeks).",Parasites,Clinical Notes,implement routine deworming schedule for puppieskittens eg starting at weeks repeat every weeks parasites clinical notes
Absence of withdrawal reflex in hind limbs.,Mobility Problems,Clinical Notes,absence of withdrawal reflex in hind limbs mobility problems clinical notes
Suspect pancreatitis based on clinical signs and history; cPL snap test pending.,Digestive Issues,Clinical Notes,suspect pancreatitis based on clinical signs and history cpl snap test pending digestive issues clinical notes
Paraspinal hyperesthesia noted in T13-L2 region. Rule out Type I IVDD.,Mobility Problems,Clinical Notes,paraspinal hyperesthesia noted in tl region rule out type i ivdd mobility problems clinical notes
Sebaceous adenitis suspected due to follicular casts and alopecia; biopsy confirms.,Skin Irritations,Clinical Notes,sebaceous adenitis suspected due to follicular casts and alopecia biopsy confirms skin irritations clinical notes
Luxated joint identified; attempt closed reduction.,Mobility Problems,Clinical Notes,luxated joint identified attempt closed reduction mobility problems clinical notes
Dog has developed hives all over his body after rolling in the grass.,Skin Irritations,Owner Observation,dog has developed hives all over his body after rolling in the grass skin irritations owner observation
Knemidokoptes mites causing scaly face/leg in bird; treat with ivermectin.,Parasites,Clinical Notes,knemidokoptes mites causing scaly faceleg in bird treat with ivermectin parasites clinical notes
Discuss importance of year-round flea prevention.,Skin Irritations,Clinical Notes,discuss importance of yearround flea prevention skin irritations clinical notes
Papules and erythema on chest; medicated wash prescribed.,Skin Irritations,Clinical Notes,papules and erythema on chest medicated wash prescribed skin irritations clinical notes
My dog pants heavily even when resting indoors.,Mobility Problems,Owner Observation,my dog pants heavily even when resting indoors mobility problems owner observation
Intestinal parasites should be considered a differential for chronic vomiting or diarrhea.,Parasites,Clinical Notes,intestinal parasites should be considered a differential for chronic vomiting or diarrhea parasites clinical notes
My dog's back legs seem weak and sometimes give out.,Mobility Problems,Owner Observation,my dogs back legs seem weak and sometimes give out mobility problems owner observation
"Recommend installing ramps, using non-slip mats, providing orthopedic bedding, and using raised food/water bowls.",Mobility Problems,Clinical Notes,recommend installing ramps using nonslip mats providing orthopedic bedding and using raised foodwater bowls mobility problems clinical notes
"GI stasis suspected in rabbit; provide supportive care (fluids, analgesia, motility drugs).",Digestive Issues,Clinical Notes,gi stasis suspected in rabbit provide supportive care fluids analgesia motility drugs digestive issues clinical notes
"Rule out underlying trauma (e.g., bite wound, foreign body penetration) as cause of pinnal swelling/infection.",Ear Infections,Clinical Notes,rule out underlying trauma eg bite wound foreign body penetration as cause of pinnal swellinginfection ear infections clinical notes
Monitor for cast sores or swelling distal to bandage.,Mobility Problems,Clinical Notes,monitor for cast sores or swelling distal to bandage mobility problems clinical notes
Cat has diarrhea after getting into the dog's food.,Digestive Issues,Owner Observation,cat has diarrhea after getting into the dogs food digestive issues owner observation
"Instruct owner on monitoring parameters: appetite (scale 1-5), vomiting episodes, fecal score (1-7), activity level.",Digestive Issues,Clinical Notes,instruct owner on monitoring parameters appetite scale vomiting episodes fecal score activity level digestive issues clinical notes
Guinea pig has flaky skin and hair loss on its rump.,Skin Irritations,Owner Observation,guinea pig has flaky skin and hair loss on its rump skin irritations owner observation
My guinea pig's droppings are much smaller and fewer than usual.,Digestive Issues,Owner Observation,my guinea pigs droppings are much smaller and fewer than usual digestive issues owner observation
My dog has blackheads and pimples on his muzzle.,Skin Irritations,Owner Observation,my dog has blackheads and pimples on his muzzle skin irritations owner observation
"Impacted and infected anal sacs causing pain and reluctance to defecate. Expressed sacs, infuse antibiotic ointment.",Digestive Issues,Clinical Notes,impacted and infected anal sacs causing pain and reluctance to defecate expressed sacs infuse antibiotic ointment digestive issues clinical notes
Monitor body condition score (BCS) and muscle condition score (MCS).,Digestive Issues,Clinical Notes,monitor body condition score bcs and muscle condition score mcs digestive issues clinical notes
"Advise owner on modifications like using carpet runners, ramps instead of stairs, and avoiding slippery surfaces.",Mobility Problems,Clinical Notes,advise owner on modifications like using carpet runners ramps instead of stairs and avoiding slippery surfaces mobility problems clinical notes
Cat has vomited multiple times in the last hour.,Digestive Issues,Owner Observation,cat has vomited multiple times in the last hour digestive issues owner observation
My rabbit has crusty sores around its nose and mouth.,Skin Irritations,Owner Observation,my rabbit has crusty sores around its nose and mouth skin irritations owner observation
"Bilateral otitis externa (AU). Moderate erythema, mild edema, copious brown ceruminous exudate.",Ear Infections,Clinical Notes,bilateral otitis externa au moderate erythema mild edema copious brown ceruminous exudate ear infections clinical notes
Guinea pig is losing weight and has diarrhea.,Digestive Issues,Owner Observation,guinea pig is losing weight and has diarrhea digestive issues owner observation
"My dog licks his paws raw, vet mentioned possible mites.",Parasites,Owner Observation,my dog licks his paws raw vet mentioned possible mites parasites owner observation
"Cytauxzoon felis piroplasms identified on peripheral blood smear. Initiate treatment (atovaquone/azithromycin), grave prognosis.",Parasites,Clinical Notes,cytauxzoon felis piroplasms identified on peripheral blood smear initiate treatment atovaquoneazithromycin grave prognosis parasites clinical notes
"Provide comprehensive written discharge summary including diagnosis, treatment plan, and follow-up.",Ear Infections,Clinical Notes,provide comprehensive written discharge summary including diagnosis treatment plan and followup ear infections clinical notes
Osteoarthritis in elbows; start joint supplements.,Mobility Problems,Clinical Notes,osteoarthritis in elbows start joint supplements mobility problems clinical notes
"Prescribe topical antibiotic/antifungal/steroid combination (e.g., Mometamax, Otomax, Claro).",Ear Infections,Clinical Notes,prescribe topical antibioticantifungalsteroid combination eg mometamax otomax claro ear infections clinical notes
Advise hypoallergenic shampoo and conditioner.,Skin Irritations,Clinical Notes,advise hypoallergenic shampoo and conditioner skin irritations clinical notes
My dog begs for food but then walks away when I offer it.,Digestive Issues,Owner Observation,my dog begs for food but then walks away when i offer it digestive issues owner observation
Initiate IV fluid therapy and monitor electrolytes.,Digestive Issues,Clinical Notes,initiate iv fluid therapy and monitor electrolytes digestive issues clinical notes
"Symmetrical alopecia on flanks; rule out endocrine disorders (hypothyroidism, Cushing's).",Skin Irritations,Clinical Notes,symmetrical alopecia on flanks rule out endocrine disorders hypothyroidism cushings skin irritations clinical notes
Acral lick granuloma on carpus; address underlying anxiety/boredom.,Skin Irritations,Clinical Notes,acral lick granuloma on carpus address underlying anxietyboredom skin irritations clinical notes
Initiate 8-week hypoallergenic food trial (novel protein or hydrolyzed diet) for suspected food allergy.,Skin Irritations,Clinical Notes,initiate week hypoallergenic food trial novel protein or hydrolyzed diet for suspected food allergy skin irritations clinical notes
Adjust medication dosages as needed.,Mobility Problems,Clinical Notes,adjust medication dosages as needed mobility problems clinical notes
Cat's skin seems very thin and tears easily.,Skin Irritations,Owner Observation,cats skin seems very thin and tears easily skin irritations owner observation
Seborrhea with erythema on limbs; shampoo therapy started.,Skin Irritations,Clinical Notes,seborrhea with erythema on limbs shampoo therapy started skin irritations clinical notes
"Neurological examination reveals hind limb ataxia, proprioceptive deficits, and hyperreflexia.",Mobility Problems,Clinical Notes,neurological examination reveals hind limb ataxia proprioceptive deficits and hyperreflexia mobility problems clinical notes
"My dog is frantically chewing at his hind end, and I see little black specks in his fur.",Parasites,Owner Observation,my dog is frantically chewing at his hind end and i see little black specks in his fur parasites owner observation
There's yellowish pus draining from my puppy's ear.,Ear Infections,Owner Observation,theres yellowish pus draining from my puppys ear ear infections owner observation
Scaling and redness on ears; topical steroids prescribed.,Skin Irritations,Clinical Notes,scaling and redness on ears topical steroids prescribed skin irritations clinical notes
My dog has patellar luxation (kneecap slips).,Mobility Problems,Owner Observation,my dog has patellar luxation kneecap slips mobility problems owner observation
Otoscopic exam: Tympanic membrane visualized and intact (left ear); obscured by debris (right ear).,Ear Infections,Clinical Notes,otoscopic exam tympanic membrane visualized and intact left ear obscured by debris right ear ear infections clinical notes
Check for ticks within the ear canal.,Ear Infections,Clinical Notes,check for ticks within the ear canal ear infections clinical notes
Pruritic sores on chest; medicated bath recommended.,Skin Irritations,Clinical Notes,pruritic sores on chest medicated bath recommended skin irritations clinical notes
"If treating resistant Pseudomonas, consider TrizEDTA flushes and potentially compounded topical antibiotics based on MIC values.",Ear Infections,Clinical Notes,if treating resistant pseudomonas consider trizedta flushes and potentially compounded topical antibiotics based on mic values ear infections clinical notes
Cutaneous B-cell lymphoma suspected based on multiple nodules; biopsy for confirmation and staging.,Skin Irritations,Clinical Notes,cutaneous bcell lymphoma suspected based on multiple nodules biopsy for confirmation and staging skin irritations clinical notes
Dog has hair loss in a pattern that follows the leash/collar line.,Skin Irritations,Owner Observation,dog has hair loss in a pattern that follows the leashcollar line skin irritations owner observation
Puppy's ears always seem damp and dirty inside.,Ear Infections,Owner Observation,puppys ears always seem damp and dirty inside ear infections owner observation
Cerebrospinal fluid (CSF) analysis results within normal limits.,Mobility Problems,Clinical Notes,cerebrospinal fluid csf analysis results within normal limits mobility problems clinical notes
"My dog licks his front paws incessantly, vet mentioned possible Demodex.",Parasites,Owner Observation,my dog licks his front paws incessantly vet mentioned possible demodex parasites owner observation
"Perianal irritation and scooting; express anal sacs, check for tapeworms.",Skin Irritations,Clinical Notes,perianal irritation and scooting express anal sacs check for tapeworms skin irritations clinical notes
Pododermatitis with interdigital swelling and discharge; cytology shows yeast and bacteria.,Skin Irritations,Clinical Notes,pododermatitis with interdigital swelling and discharge cytology shows yeast and bacteria skin irritations clinical notes
OFA preliminary radiographs suggest moderate elbow dysplasia.,Mobility Problems,Clinical Notes,ofa preliminary radiographs suggest moderate elbow dysplasia mobility problems clinical notes
Cat spends most of her time sleeping in secluded spots.,Mobility Problems,Owner Observation,cat spends most of her time sleeping in secluded spots mobility problems owner observation
My dog has degenerative myelopathy (DM).,Mobility Problems,Owner Observation,my dog has degenerative myelopathy dm mobility problems owner observation
Calcinosis cutis suspected in patient on chronic steroids; firm plaques on dorsum.,Skin Irritations,Clinical Notes,calcinosis cutis suspected in patient on chronic steroids firm plaques on dorsum skin irritations clinical notes
"My dog just seems 'off' - lethargic, poor appetite.",Digestive Issues,Owner Observation,my dog just seems off lethargic poor appetite digestive issues owner observation
"Recommend screening for tick-borne conditions 4-8 weeks after known tick exposure, even if asymptomatic.",Parasites,Clinical Notes,recommend screening for tickborne conditions weeks after known tick exposure even if asymptomatic parasites clinical notes
Dog's skin is sensitive to touch in certain areas.,Skin Irritations,Owner Observation,dogs skin is sensitive to touch in certain areas skin irritations owner observation
Guinea pig hasn't produced any droppings in 24 hours.,Digestive Issues,Owner Observation,guinea pig hasnt produced any droppings in hours digestive issues owner observation
"Kitten has flaky skin, like bad dandruff.",Skin Irritations,Owner Observation,kitten has flaky skin like bad dandruff skin irritations owner observation
"Cat is excessively grooming her belly, making it bald.",Parasites,Owner Observation,cat is excessively grooming her belly making it bald parasites owner observation
Skin biopsy submitted for histopathology and culture.,Skin Irritations,Clinical Notes,skin biopsy submitted for histopathology and culture skin irritations clinical notes
My Siamese cat is developing crusty lesions on her ear tips and nose.,Skin Irritations,Owner Observation,my siamese cat is developing crusty lesions on her ear tips and nose skin irritations owner observation
"Rabbit has lost fur on its nose, looks sore.",Parasites,Owner Observation,rabbit has lost fur on its nose looks sore parasites owner observation
"Recommend medicated shampoo (e.g., chlorhexidine, ketoconazole) based on cytology findings.",Skin Irritations,Clinical Notes,recommend medicated shampoo eg chlorhexidine ketoconazole based on cytology findings skin irritations clinical notes
Immune-mediated skin condition suspected; requires further workup.,Skin Irritations,Clinical Notes,immunemediated skin condition suspected requires further workup skin irritations clinical notes
"My hamster is scratching a lot and has dry, flaky skin.",Parasites,Owner Observation,my hamster is scratching a lot and has dry flaky skin parasites owner observation
"Rabbit is only eating greens, refusing hay.",Digestive Issues,Owner Observation,rabbit is only eating greens refusing hay digestive issues owner observation
Rabbit has become incontinent (urine and feces).,Mobility Problems,Owner Observation,rabbit has become incontinent urine and feces mobility problems owner observation
"Dog has pale, clay-colored stools.",Digestive Issues,Owner Observation,dog has pale claycolored stools digestive issues owner observation
Advise bathing pet with appropriate shampoo to remove flea dirt/scales.,Parasites,Clinical Notes,advise bathing pet with appropriate shampoo to remove flea dirtscales parasites clinical notes
Ferret is walking with a stiff gait.,Mobility Problems,Owner Observation,ferret is walking with a stiff gait mobility problems owner observation
Recommend omega-3 fatty acid supplementation to support skin barrier function.,Skin Irritations,Clinical Notes,recommend omega fatty acid supplementation to support skin barrier function skin irritations clinical notes
Supraspinatus tendinopathy suspected.,Mobility Problems,Clinical Notes,supraspinatus tendinopathy suspected mobility problems clinical notes
Puppy constantly has dirty ears despite regular cleaning.,Ear Infections,Owner Observation,puppy constantly has dirty ears despite regular cleaning ear infections owner observation
My rabbit shakes its head frequently.,Ear Infections,Owner Observation,my rabbit shakes its head frequently ear infections owner observation
My cat has Giardia and needs medication.,Parasites,Owner Observation,my cat has giardia and needs medication parasites owner observation
"Bumblefoot (pododermatitis) present in guinea pig; address husbandry (bedding, hygiene) and treat infection/pain.",Mobility Problems,Clinical Notes,bumblefoot pododermatitis present in guinea pig address husbandry bedding hygiene and treat infectionpain mobility problems clinical notes
My hamster's droppings are stuck together.,Digestive Issues,Owner Observation,my hamsters droppings are stuck together digestive issues owner observation
Bone biopsy collected for histopathology.,Mobility Problems,Clinical Notes,bone biopsy collected for histopathology mobility problems clinical notes
"Found a long, segmented worm in the dog's stool this morning.",Parasites,Owner Observation,found a long segmented worm in the dogs stool this morning parasites owner observation
"Dog seems nauseous (drooling, lip smacking) and refused his favorite treat.",Digestive Issues,Owner Observation,dog seems nauseous drooling lip smacking and refused his favorite treat digestive issues owner observation
PennHIP evaluation performed for hip laxity assessment.,Mobility Problems,Clinical Notes,pennhip evaluation performed for hip laxity assessment mobility problems clinical notes
Vertical ear canal ablation (VECA) considered for neoplasia confined to vertical canal.,Ear Infections,Clinical Notes,vertical ear canal ablation veca considered for neoplasia confined to vertical canal ear infections clinical notes
Document response to previous treatments.,Ear Infections,Clinical Notes,document response to previous treatments ear infections clinical notes
"Cat has tiny scabs all over her back, feels like sandpaper.",Parasites,Owner Observation,cat has tiny scabs all over her back feels like sandpaper parasites owner observation
Heartworm adulticide treatment (melarsomine injections) administered according to AHS guidelines. Strict exercise restriction crucial.,Parasites,Clinical Notes,heartworm adulticide treatment melarsomine injections administered according to ahs guidelines strict exercise restriction crucial parasites clinical notes
"Evaluate for concurrent dermatological conditions (e.g., FAD, atopy).",Ear Infections,Clinical Notes,evaluate for concurrent dermatological conditions eg fad atopy ear infections clinical notes
Implement long-term maintenance protocol involving weekly cleaning and application of topical steroid.,Ear Infections,Clinical Notes,implement longterm maintenance protocol involving weekly cleaning and application of topical steroid ear infections clinical notes
"Observe gait at walk and trot, assess for head bob (forelimb) or hip hike (hindlimb).",Mobility Problems,Clinical Notes,observe gait at walk and trot assess for head bob forelimb or hip hike hindlimb mobility problems clinical notes
Exploratory laparotomy reveals linear foreign body extending from stomach to jejunum. Enterotomy performed.,Digestive Issues,Clinical Notes,exploratory laparotomy reveals linear foreign body extending from stomach to jejunum enterotomy performed digestive issues clinical notes
"Cat has chronic intermittent vomiting, maybe once or twice a week.",Digestive Issues,Owner Observation,cat has chronic intermittent vomiting maybe once or twice a week digestive issues owner observation
My ferret seems generally unwell since the ear problem started.,Ear Infections,Owner Observation,my ferret seems generally unwell since the ear problem started ear infections owner observation
My puppy has had soft stools since we adopted him from the shelter.,Digestive Issues,Owner Observation,my puppy has had soft stools since we adopted him from the shelter digestive issues owner observation
Rabbit seems unable to move its hind legs properly.,Mobility Problems,Owner Observation,rabbit seems unable to move its hind legs properly mobility problems owner observation
My dog has Lyme condition causing shifting leg lameness.,Mobility Problems,Owner Observation,my dog has lyme condition causing shifting leg lameness mobility problems owner observation
Solar dermatitis on non-pigmented pinnae/planum nasale; advise sun avoidance/sunscreen.,Skin Irritations,Clinical Notes,solar dermatitis on nonpigmented pinnaeplanum nasale advise sun avoidancesunscreen skin irritations clinical notes
Culture results: Methicillin-resistant Staphylococcus pseudintermedius (MRSP); consult on treatment.,Ear Infections,Clinical Notes,culture results methicillinresistant staphylococcus pseudintermedius mrsp consult on treatment ear infections clinical notes
Nodular dermatofibrosis; recommend abdominal ultrasound to check for renal cystadenocarcinoma.,Skin Irritations,Clinical Notes,nodular dermatofibrosis recommend abdominal ultrasound to check for renal cystadenocarcinoma skin irritations clinical notes
My rabbit keeps shaking its head back and forth.,Ear Infections,Owner Observation,my rabbit keeps shaking its head back and forth ear infections owner observation
"My dog seems sensitive around his head, flinches when petted near ears.",Ear Infections,Owner Observation,my dog seems sensitive around his head flinches when petted near ears ear infections owner observation
Abdominal ultrasound shows hyperechoic pancreas with surrounding mesenteric reaction. No obvious foreign body or mass.,Digestive Issues,Clinical Notes,abdominal ultrasound shows hyperechoic pancreas with surrounding mesenteric reaction no obvious foreign body or mass digestive issues clinical notes
Lateral ear resection discussed as potential surgical option to improve ventilation.,Ear Infections,Clinical Notes,lateral ear resection discussed as potential surgical option to improve ventilation ear infections clinical notes
Ensure owner understands chronicity and need for ongoing management in many cases.,Ear Infections,Clinical Notes,ensure owner understands chronicity and need for ongoing management in many cases ear infections clinical notes
Fecal smear/flotation positive for Giardia cysts/trophozoites.,Parasites,Clinical Notes,fecal smearflotation positive for giardia cyststrophozoites parasites clinical notes
My dog has diarrhea every time he gets stressed.,Digestive Issues,Owner Observation,my dog has diarrhea every time he gets stressed digestive issues owner observation
My cat vomited part of a houseplant leaf.,Digestive Issues,Owner Observation,my cat vomited part of a houseplant leaf digestive issues owner observation
Saw bright red blood coating my dog's otherwise normal stool.,Digestive Issues,Owner Observation,saw bright red blood coating my dogs otherwise normal stool digestive issues owner observation
Marked crepitus and decreased range of motion in left stifle; suspect severe OA.,Mobility Problems,Clinical Notes,marked crepitus and decreased range of motion in left stifle suspect severe oa mobility problems clinical notes
My Dachshund has back problems (IVDD).,Mobility Problems,Owner Observation,my dachshund has back problems ivdd mobility problems owner observation
Cat hasn't touched her food in over 24 hours.,Digestive Issues,Owner Observation,cat hasnt touched her food in over hours digestive issues owner observation
Culture and sensitivity results: Staphylococcus pseudintermedius sensitive to cephalexin.,Skin Irritations,Clinical Notes,culture and sensitivity results staphylococcus pseudintermedius sensitive to cephalexin skin irritations clinical notes
My cat keeps getting tapeworms even though I treat her.,Parasites,Owner Observation,my cat keeps getting tapeworms even though i treat her parasites owner observation
"My rabbit has white, flaky material inside the ear canals.",Ear Infections,Owner Observation,my rabbit has white flaky material inside the ear canals ear infections owner observation
My dog's gait looks wobbly or uncoordinated.,Mobility Problems,Owner Observation,my dogs gait looks wobbly or uncoordinated mobility problems owner observation
"Dog has chronic itching, mostly involving feet, face, and ears.",Skin Irritations,Owner Observation,dog has chronic itching mostly involving feet face and ears skin irritations owner observation
My rabbit has maggots visible near its hind end.,Parasites,Owner Observation,my rabbit has maggots visible near its hind end parasites owner observation
My cat has recurrent ear mite infestations.,Parasites,Owner Observation,my cat has recurrent ear mite infestations parasites owner observation
"Culture result: MRSP (Methicillin-Resistant Staph pseudintermedius). Treat based on sensitivity (e.g., chloramphenicol, doxycycline).",Ear Infections,Clinical Notes,culture result mrsp methicillinresistant staph pseudintermedius treat based on sensitivity eg chloramphenicol doxycycline ear infections clinical notes
Use caution with ivermectin in collie-type breeds; check MDR1 status if possible.,Parasites,Clinical Notes,use caution with ivermectin in collietype breeds check mdr status if possible parasites clinical notes
Puppy is being treated for scabies (Sarcoptic mange).,Parasites,Owner Observation,puppy is being treated for scabies sarcoptic mange parasites owner observation
Dog has a growth or polyp visible inside the ear canal.,Ear Infections,Owner Observation,dog has a growth or polyp visible inside the ear canal ear infections owner observation
"Acral lick dermatitis on left carpus; address underlying cause (allergy, pain, anxiety) and prevent licking (E-collar).",Skin Irritations,Clinical Notes,acral lick dermatitis on left carpus address underlying cause allergy pain anxiety and prevent licking ecollar skin irritations clinical notes
My dog was diagnosed with arthritis in his hips and knees.,Mobility Problems,Owner Observation,my dog was diagnosed with arthritis in his hips and knees mobility problems owner observation
Rabbit has lost fur on its nose.,Parasites,Owner Observation,rabbit has lost fur on its nose parasites owner observation
"Cat is constipated, passing very hard, dry stools.",Digestive Issues,Owner Observation,cat is constipated passing very hard dry stools digestive issues owner observation
Cheyletiella mites ('walking dandruff') identified via acetate tape preparation.,Parasites,Clinical Notes,cheyletiella mites walking dandruff identified via acetate tape preparation parasites clinical notes
My hamster seems to have greasy fur and is losing hair on its back.,Skin Irritations,Owner Observation,my hamster seems to have greasy fur and is losing hair on its back skin irritations owner observation
"Rule out GI neoplasia (adenocarcinoma, lymphoma, leiomyosarcoma) in older patient with weight loss, vomiting, or diarrhea.",Digestive Issues,Clinical Notes,rule out gi neoplasia adenocarcinoma lymphoma leiomyosarcoma in older patient with weight loss vomiting or diarrhea digestive issues clinical notes
Skin scrape positive for Demodex mites; initiate ivermectin therapy.,Skin Irritations,Clinical Notes,skin scrape positive for demodex mites initiate ivermectin therapy skin irritations clinical notes
"Dog has a persistent cough, vet is testing for heartworm.",Parasites,Owner Observation,dog has a persistent cough vet is testing for heartworm parasites owner observation
"Dog has black spots appearing on his skin, mostly on the belly.",Skin Irritations,Owner Observation,dog has black spots appearing on his skin mostly on the belly skin irritations owner observation
Pediculosis (lice infestation) confirmed; treat with appropriate insecticide.,Parasites,Clinical Notes,pediculosis lice infestation confirmed treat with appropriate insecticide parasites clinical notes
"Marked pedal erythema and pruritus; suspect pododermatitis, possible allergic component.",Skin Irritations,Clinical Notes,marked pedal erythema and pruritus suspect pododermatitis possible allergic component skin irritations clinical notes
My kitten has lost the fur on the bridge of her nose.,Skin Irritations,Owner Observation,my kitten has lost the fur on the bridge of her nose skin irritations owner observation
"Exfoliative dermatitis; consider differentials including sebaceous adenitis, ichthyosis, lymphoma.",Skin Irritations,Clinical Notes,exfoliative dermatitis consider differentials including sebaceous adenitis ichthyosis lymphoma skin irritations clinical notes
Babesia canis identified via PCR. Treatment options discussed (imidocarb dipropionate).,Parasites,Clinical Notes,babesia canis identified via pcr treatment options discussed imidocarb dipropionate parasites clinical notes
Dog is straining to vomit (retching) without producing anything.,Digestive Issues,Owner Observation,dog is straining to vomit retching without producing anything digestive issues owner observation
Multiple comedones present; suggests endocrine or keratinization defect.,Skin Irritations,Clinical Notes,multiple comedones present suggests endocrine or keratinization defect skin irritations clinical notes
My rabbit has ear canker (mites).,Parasites,Owner Observation,my rabbit has ear canker mites parasites owner observation
Erythema multiforme suspected; search for potential drug reaction or infectious trigger.,Skin Irritations,Clinical Notes,erythema multiforme suspected search for potential drug reaction or infectious trigger skin irritations clinical notes
Cellulitis developing secondary to puncture wound; start broad-spectrum antibiotics.,Skin Irritations,Clinical Notes,cellulitis developing secondary to puncture wound start broadspectrum antibiotics skin irritations clinical notes
Ferret has lost significant weight recently.,Digestive Issues,Owner Observation,ferret has lost significant weight recently digestive issues owner observation
Salmonella ruled out via fecal culture.,Digestive Issues,Clinical Notes,salmonella ruled out via fecal culture digestive issues clinical notes
"Instill long-acting ear medication (e.g., Claro, Osurnia) in clinic.",Ear Infections,Clinical Notes,instill longacting ear medication eg claro osurnia in clinic ear infections clinical notes
Rule out Taenia vs. Dipylidium tapeworms based on history (hunting vs. fleas).,Parasites,Clinical Notes,rule out taenia vs dipylidium tapeworms based on history hunting vs fleas parasites clinical notes
My dog tore his cruciate ligament (CCL/ACL).,Mobility Problems,Owner Observation,my dog tore his cruciate ligament cclacl mobility problems owner observation
Deep skin scraping negative for Demodex mites; surface scraping negative for Sarcoptes.,Skin Irritations,Clinical Notes,deep skin scraping negative for demodex mites surface scraping negative for sarcoptes skin irritations clinical notes
Patient presents with anorexia and lethargy x 48 hours. Dehydration estimated at 5%.,Digestive Issues,Clinical Notes,patient presents with anorexia and lethargy x hours dehydration estimated at digestive issues clinical notes
"Conservative management of CCL tear (rest, NSAIDs, rehab) discussed as alternative to surgery.",Mobility Problems,Clinical Notes,conservative management of ccl tear rest nsaids rehab discussed as alternative to surgery mobility problems clinical notes
Pet’s ears are swollen and have a rancid odor.,Ear Infections,Owner Observation,pet’s ears are swollen and have a rancid odor ear infections owner observation
"Cat has scabs all over her body, especially her back and neck.",Parasites,Owner Observation,cat has scabs all over her body especially her back and neck parasites owner observation
Dog has generalized demodicosis.,Parasites,Owner Observation,dog has generalized demodicosis parasites owner observation
Confine patient to safe area if experiencing severe ataxia.,Ear Infections,Clinical Notes,confine patient to safe area if experiencing severe ataxia ear infections clinical notes
Discuss prognosis based on diagnosis.,Mobility Problems,Clinical Notes,discuss prognosis based on diagnosis mobility problems clinical notes
My older dog is constipated and strains to defecate.,Digestive Issues,Owner Observation,my older dog is constipated and strains to defecate digestive issues owner observation
"Discontinue potentially offending medication (e.g., new antibiotic) and monitor for resolution of GI signs.",Digestive Issues,Clinical Notes,discontinue potentially offending medication eg new antibiotic and monitor for resolution of gi signs digestive issues clinical notes
Dog ate something from the trash and now has explosive diarrhea.,Digestive Issues,Owner Observation,dog ate something from the trash and now has explosive diarrhea digestive issues owner observation
Noticed bright red blood streaks in my cat's poop.,Digestive Issues,Owner Observation,noticed bright red blood streaks in my cats poop digestive issues owner observation
"Puppy has developed a circular, hairless lesion on its head.",Skin Irritations,Owner Observation,puppy has developed a circular hairless lesion on its head skin irritations owner observation
Cat developed a sudden head tilt overnight.,Ear Infections,Owner Observation,cat developed a sudden head tilt overnight ear infections owner observation
My rabbit has pus coming from its eye on the same side as the ear problem.,Ear Infections,Owner Observation,my rabbit has pus coming from its eye on the same side as the ear problem ear infections owner observation
Evaluate conformation of ear canal (stenotic breeds).,Ear Infections,Clinical Notes,evaluate conformation of ear canal stenotic breeds ear infections clinical notes
Cat seems painful in her abdomen when I pick her up.,Digestive Issues,Owner Observation,cat seems painful in her abdomen when i pick her up digestive issues owner observation
Zinc-responsive dermatosis suspected in husky; recommend zinc supplementation.,Skin Irritations,Clinical Notes,zincresponsive dermatosis suspected in husky recommend zinc supplementation skin irritations clinical notes
My cat has developed bald patches behind her ears.,Skin Irritations,Owner Observation,my cat has developed bald patches behind her ears skin irritations owner observation
Rabbit has matted fur on its hind end with irritated skin underneath.,Skin Irritations,Owner Observation,rabbit has matted fur on its hind end with irritated skin underneath skin irritations owner observation
My hamster has developed a lump under its skin.,Skin Irritations,Owner Observation,my hamster has developed a lump under its skin skin irritations owner observation
Cat has excessive flatulence and occasional vomiting.,Digestive Issues,Owner Observation,cat has excessive flatulence and occasional vomiting digestive issues owner observation
Fecal flotation positive for Trichuris vulpis (whipworm) eggs.,Parasites,Clinical Notes,fecal flotation positive for trichuris vulpis whipworm eggs parasites clinical notes
My cat has roundworms visible in her stool.,Parasites,Owner Observation,my cat has roundworms visible in her stool parasites owner observation
Histoplasmosis can cause chronic large bowel diarrhea.,Digestive Issues,Clinical Notes,histoplasmosis can cause chronic large bowel diarrhea digestive issues clinical notes
"Advise thorough environmental decontamination for fleas (vacuuming, washing bedding, IGR premise spray).",Parasites,Clinical Notes,advise thorough environmental decontamination for fleas vacuuming washing bedding igr premise spray parasites clinical notes
"Dog is scratching himself raw, especially on his chest and belly.",Parasites,Owner Observation,dog is scratching himself raw especially on his chest and belly parasites owner observation
History of dietary indiscretion (garbage ingestion).,Digestive Issues,Clinical Notes,history of dietary indiscretion garbage ingestion digestive issues clinical notes
"Suspect otitis media/interna AS based on persistent head tilt, nystagmus, and pain on bulla palpation.",Ear Infections,Clinical Notes,suspect otitis mediainterna as based on persistent head tilt nystagmus and pain on bulla palpation ear infections clinical notes
Toxoplasma antibody titer elevated; discuss zoonotic risk and treatment options if clinical signs present.,Parasites,Clinical Notes,toxoplasma antibody titer elevated discuss zoonotic risk and treatment options if clinical signs present parasites clinical notes
Rabbit has urine staining on its hind legs from poor posture.,Mobility Problems,Owner Observation,rabbit has urine staining on its hind legs from poor posture mobility problems owner observation
Recommend bathing pet prior to applying topical ectoparasiticides if coat is dirty.,Parasites,Clinical Notes,recommend bathing pet prior to applying topical ectoparasiticides if coat is dirty parasites clinical notes
End-stage otitis; recommend total ear canal ablation and bulla osteotomy (TECA-BO).,Ear Infections,Clinical Notes,endstage otitis recommend total ear canal ablation and bulla osteotomy tecabo ear infections clinical notes
Cat has sores inside her mouth and drools excessively.,Skin Irritations,Owner Observation,cat has sores inside her mouth and drools excessively skin irritations owner observation
Rabbit has redness and hair loss on the soles of its back feet.,Skin Irritations,Owner Observation,rabbit has redness and hair loss on the soles of its back feet skin irritations owner observation
"Dog seems to have abdominal cramps (stretching, looking at belly).",Digestive Issues,Owner Observation,dog seems to have abdominal cramps stretching looking at belly digestive issues owner observation
Trixacarus caviae (guinea pig mite) infestation; treat with ivermectin/selamectin.,Parasites,Clinical Notes,trixacarus caviae guinea pig mite infestation treat with ivermectinselamectin parasites clinical notes
My hamster's droppings are strung together with hair.,Digestive Issues,Owner Observation,my hamsters droppings are strung together with hair digestive issues owner observation
Otitis externa is often a secondary problem; identifying the primary trigger is key to management.,Ear Infections,Clinical Notes,otitis externa is often a secondary problem identifying the primary trigger is key to management ear infections clinical notes
Chronic diarrhea; trial hydrolyzed diet.,Digestive Issues,Clinical Notes,chronic diarrhea trial hydrolyzed diet digestive issues clinical notes
Bloodwork (CBC/Chem) within normal limits.,Digestive Issues,Clinical Notes,bloodwork cbcchem within normal limits digestive issues clinical notes
Rabbit has arthritis in its spine (spondylosis).,Mobility Problems,Owner Observation,rabbit has arthritis in its spine spondylosis mobility problems owner observation
Check for concurrent skin condition.,Ear Infections,Clinical Notes,check for concurrent skin condition ear infections clinical notes
My puppy ate a sock yesterday and is now vomiting.,Digestive Issues,Owner Observation,my puppy ate a sock yesterday and is now vomiting digestive issues owner observation
Provide handout on flea control.,Parasites,Clinical Notes,provide handout on flea control parasites clinical notes
My dog has trouble balancing.,Mobility Problems,Owner Observation,my dog has trouble balancing mobility problems owner observation
"Educate owner on signs of IVDD progression (worsening weakness, loss of bladder control, loss of deep pain).",Mobility Problems,Clinical Notes,educate owner on signs of ivdd progression worsening weakness loss of bladder control loss of deep pain mobility problems clinical notes
"Ferret has thick, dark wax in both ears.",Ear Infections,Owner Observation,ferret has thick dark wax in both ears ear infections owner observation
My dog has elbow dysplasia.,Mobility Problems,Owner Observation,my dog has elbow dysplasia mobility problems owner observation
Gradual return to activity protocol provided.,Mobility Problems,Clinical Notes,gradual return to activity protocol provided mobility problems clinical notes
"Initiate treatment for sarcoptic mange (e.g., selamectin, ivermectin, isoxazoline).",Parasites,Clinical Notes,initiate treatment for sarcoptic mange eg selamectin ivermectin isoxazoline parasites clinical notes
"Dog had sudden onset of profuse, watery diarrhea overnight.",Digestive Issues,Owner Observation,dog had sudden onset of profuse watery diarrhea overnight digestive issues owner observation
My cat won't let me clean her ears.,Ear Infections,Owner Observation,my cat wont let me clean her ears ear infections owner observation
Microscopic exam of ear debris confirms presence of Otodectes cynotis mites and eggs.,Ear Infections,Clinical Notes,microscopic exam of ear debris confirms presence of otodectes cynotis mites and eggs ear infections clinical notes
Deep ear flush performed using video otoscope and specialized flushing/suction equipment.,Ear Infections,Clinical Notes,deep ear flush performed using video otoscope and specialized flushingsuction equipment ear infections clinical notes
Cat has scaly skin on her back.,Skin Irritations,Owner Observation,cat has scaly skin on her back skin irritations owner observation
"Initiate multimodal pain management: NSAID (e.g., firocoxib) + gabapentin.",Mobility Problems,Clinical Notes,initiate multimodal pain management nsaid eg firocoxib gabapentin mobility problems clinical notes
Deep skin scrape positive for Demodex canis mites.,Parasites,Clinical Notes,deep skin scrape positive for demodex canis mites parasites clinical notes
Cat has hypertrophic osteodystrophy.,Mobility Problems,Owner Observation,cat has hypertrophic osteodystrophy mobility problems owner observation
Giardia cysts confirmed; start panacur.,Parasites,Clinical Notes,giardia cysts confirmed start panacur parasites clinical notes
Fecal flotation via centrifugation positive for Toxocara cati eggs (+++).,Parasites,Clinical Notes,fecal flotation via centrifugation positive for toxocara cati eggs parasites clinical notes
My cat's skin twitches along her back and she suddenly runs off.,Skin Irritations,Owner Observation,my cats skin twitches along her back and she suddenly runs off skin irritations owner observation
Cat's ear canal looks extremely narrow and difficult to see into.,Ear Infections,Owner Observation,cats ear canal looks extremely narrow and difficult to see into ear infections owner observation
Cat is shaking her head and scratching furiously behind her ears; they look dirty inside.,Parasites,Owner Observation,cat is shaking her head and scratching furiously behind her ears they look dirty inside parasites owner observation
Elbow radiographs confirm fragmented medial coronoid process (FCP). Arthroscopy recommended.,Mobility Problems,Clinical Notes,elbow radiographs confirm fragmented medial coronoid process fcp arthroscopy recommended mobility problems clinical notes
Monitor urine output (>1-2 ml/kg/hr) as indicator of adequate perfusion and hydration.,Digestive Issues,Clinical Notes,monitor urine output mlkghr as indicator of adequate perfusion and hydration digestive issues clinical notes
My dog's limp improves with exercise but returns after rest.,Mobility Problems,Owner Observation,my dogs limp improves with exercise but returns after rest mobility problems owner observation
My ferret's ear wax smells strangely sweet.,Ear Infections,Owner Observation,my ferrets ear wax smells strangely sweet ear infections owner observation
My dog's ear has a distinct 'corn chip' or 'yeasty bread' smell.,Ear Infections,Owner Observation,my dogs ear has a distinct corn chip or yeasty bread smell ear infections owner observation
"My cat has dark ear wax, but the vet ruled out mites.",Ear Infections,Owner Observation,my cat has dark ear wax but the vet ruled out mites ear infections owner observation
My dog has developed dark spots on his belly skin.,Skin Irritations,Owner Observation,my dog has developed dark spots on his belly skin skin irritations owner observation
"My rabbit has a dirty bottom from soft, pasty stools.",Digestive Issues,Owner Observation,my rabbit has a dirty bottom from soft pasty stools digestive issues owner observation
My dog sits down awkwardly ('puppy sitting') with one leg out.,Mobility Problems,Owner Observation,my dog sits down awkwardly puppy sitting with one leg out mobility problems owner observation
My rabbit has diarrhea after being introduced to new vegetables.,Digestive Issues,Owner Observation,my rabbit has diarrhea after being introduced to new vegetables digestive issues owner observation
My cat has Horner's syndrome secondary to otitis media.,Ear Infections,Owner Observation,my cat has horners syndrome secondary to otitis media ear infections owner observation
My dog's nose looks crusty and has lost its pigment.,Skin Irritations,Owner Observation,my dogs nose looks crusty and has lost its pigment skin irritations owner observation
Gastric ulcer suspected due to melena/hematemesis; start gastroprotectants.,Digestive Issues,Clinical Notes,gastric ulcer suspected due to melenahematemesis start gastroprotectants digestive issues clinical notes
"Cat is straining in the litter box, passing small, rock-hard feces.",Digestive Issues,Owner Observation,cat is straining in the litter box passing small rockhard feces digestive issues owner observation
Emphasize importance of picking up feces promptly to reduce environmental contamination.,Parasites,Clinical Notes,emphasize importance of picking up feces promptly to reduce environmental contamination parasites clinical notes
Evaluate home environment for potential hazards (slippery floors).,Mobility Problems,Clinical Notes,evaluate home environment for potential hazards slippery floors mobility problems clinical notes
Hamster has fecal staining around the anus.,Digestive Issues,Owner Observation,hamster has fecal staining around the anus digestive issues owner observation
"Recommend joint supplements containing glucosamine, chondroitin, omega-3 fatty acids.",Mobility Problems,Clinical Notes,recommend joint supplements containing glucosamine chondroitin omega fatty acids mobility problems clinical notes
My cat licks her fur off in stripes.,Skin Irritations,Owner Observation,my cat licks her fur off in stripes skin irritations owner observation
Puppy hops with both back legs together like a bunny when running.,Mobility Problems,Owner Observation,puppy hops with both back legs together like a bunny when running mobility problems owner observation
"Dog has whipworms, needs special dewormer.",Parasites,Owner Observation,dog has whipworms needs special dewormer parasites owner observation
Eosinophilic granuloma complex lesion on lip; biopsy recommended.,Skin Irritations,Clinical Notes,eosinophilic granuloma complex lesion on lip biopsy recommended skin irritations clinical notes
Puppy cries when I massage the base of his ears.,Ear Infections,Owner Observation,puppy cries when i massage the base of his ears ear infections owner observation
Chronic dermatitis on chest; oral steroids started.,Skin Irritations,Clinical Notes,chronic dermatitis on chest oral steroids started skin irritations clinical notes
My dog has lost hair above his tail base from constant biting.,Parasites,Owner Observation,my dog has lost hair above his tail base from constant biting parasites owner observation
"Cat has had soft, mushy stool for the past two days.",Digestive Issues,Owner Observation,cat has had soft mushy stool for the past two days digestive issues owner observation
My cat paws at her ear after I apply the medication.,Ear Infections,Owner Observation,my cat paws at her ear after i apply the medication ear infections owner observation
"Pulled a fat, grey tick off my cat's neck after she came inside.",Parasites,Owner Observation,pulled a fat grey tick off my cats neck after she came inside parasites owner observation
"Multiple subcutaneous lipomas palpated; FNA performed on largest mass, confirms adipose tissue.",Skin Irritations,Clinical Notes,multiple subcutaneous lipomas palpated fna performed on largest mass confirms adipose tissue skin irritations clinical notes
Dog has ticks in his ears.,Parasites,Owner Observation,dog has ticks in his ears parasites owner observation
Bridging spondylosis noted along ventral aspect of lumbar vertebrae; likely incidental finding.,Mobility Problems,Clinical Notes,bridging spondylosis noted along ventral aspect of lumbar vertebrae likely incidental finding mobility problems clinical notes
"Cat is excessively grooming, leading to thin fur.",Skin Irritations,Owner Observation,cat is excessively grooming leading to thin fur skin irritations owner observation
Referral to veterinary surgeon recommended for TECA-BO evaluation.,Ear Infections,Clinical Notes,referral to veterinary surgeon recommended for tecabo evaluation ear infections clinical notes
Hamster has redness and irritation around its mouth.,Skin Irritations,Owner Observation,hamster has redness and irritation around its mouth skin irritations owner observation
Chronic otitis externa has led to severe hyperplastic changes and calcification of vertical canal.,Ear Infections,Clinical Notes,chronic otitis externa has led to severe hyperplastic changes and calcification of vertical canal ear infections clinical notes
"Feline patient presents with acute onset hind limb paresis, vocalization, cold/cyanotic paws, absent femoral pulses. High suspicion for ATE.",Mobility Problems,Clinical Notes,feline patient presents with acute onset hind limb paresis vocalization coldcyanotic paws absent femoral pulses high suspicion for ate mobility problems clinical notes
Calcinosis cutis suspected based on firm plaques on dorsum; check cortisol levels.,Skin Irritations,Clinical Notes,calcinosis cutis suspected based on firm plaques on dorsum check cortisol levels skin irritations clinical notes
Nasal planum depigmentation and ulceration; consider discoid lupus erythematosus.,Skin Irritations,Clinical Notes,nasal planum depigmentation and ulceration consider discoid lupus erythematosus skin irritations clinical notes
"My dog keeps biting at his tail base, and his hair is thinning there.",Parasites,Owner Observation,my dog keeps biting at his tail base and his hair is thinning there parasites owner observation
Nutritional support/calorie management crucial for optimal body condition.,Mobility Problems,Clinical Notes,nutritional supportcalorie management crucial for optimal body condition mobility problems clinical notes
Initiate treatment for sarcoptic mange using selamectin or isoxazoline. Treat all in-contact animals.,Parasites,Clinical Notes,initiate treatment for sarcoptic mange using selamectin or isoxazoline treat all incontact animals parasites clinical notes
Empirical deworming with fenbendazole administered due to young age and history.,Digestive Issues,Clinical Notes,empirical deworming with fenbendazole administered due to young age and history digestive issues clinical notes
